home_goals,away_goals,home_shots,away_shots,home_xg,away_xg,home_possession,home_final_fatigue,away_final_fatigue,home_avg_fatigue,away_avg_fatigue,home_effective_pressing,away_effective_pressing,run,home_pressing,away_pressing,fatigue_model
0,0,0,1,0.0,0.115896,0.36666666666666664,0.18000000000000027,0.3600000000000004,0.09098901098901112,0.18197802197802213,0.7162499999999999,0.9099999999999999,0,low,medium,linear
0,0,0,0,0.0,0.0,0.4777777777777778,0.18000000000000027,0.3600000000000004,0.09098901098901112,0.18197802197802213,0.7162499999999999,0.9099999999999999,1,low,medium,linear
0,0,0,1,0.0,0.11906399999999999,0.23333333333333334,0.18000000000000027,0.3600000000000004,0.09098901098901112,0.18197802197802213,0.7162499999999999,0.9099999999999999,2,low,medium,linear
0,0,0,2,0.0,0.235896,0.4666666666666667,0.18000000000000027,0.3600000000000004,0.09098901098901112,0.18197802197802213,0.7162499999999999,0.9099999999999999,3,low,medium,linear
0,0,0,1,0.0,0.11711999999999999,0.4111111111111111,0.18000000000000027,0.3600000000000004,0.09098901098901112,0.18197802197802213,0.7162499999999999,0.9099999999999999,4,low,medium,linear
0,1,0,1,0.0,0.11632799999999999,0.5666666666666667,0.18000000000000027,0.3600000000000004,0.09098901098901112,0.18197802197802213,0.7162499999999999,0.9099999999999999,5,low,medium,linear
0,0,0,1,0.0,0.11848799999999998,0.4,0.18000000000000027,0.3600000000000004,0.09098901098901112,0.18197802197802213,0.7162499999999999,0.9099999999999999,6,low,medium,linear
0,0,0,0,0.0,0.0,0.45555555555555555,0.18000000000000027,0.3600000000000004,0.09098901098901112,0.18197802197802213,0.7162499999999999,0.9099999999999999,7,low,medium,linear
0,0,0,1,0.0,0.11784,0.43333333333333335,0.18000000000000027,0.3600000000000004,0.09098901098901112,0.18197802197802213,0.7162499999999999,0.9099999999999999,8,low,medium,linear
0,1,1,2,0.117936,0.233016,0.3111111111111111,0.18000000000000027,0.3600000000000004,0.09098901098901112,0.18197802197802213,0.7162499999999999,0.9099999999999999,9,low,medium,linear
0,0,0,1,0.0,0.11870399999999999,0.4444444444444444,0.18000000000000027,0.3600000000000004,0.09098901098901112,0.18197802197802213,0.7162499999999999,0.9099999999999999,10,low,medium,linear
0,0,1,0,0.11975999999999999,0.0,0.43333333333333335,0.18000000000000027,0.3600000000000004,0.09098901098901112,0.18197802197802213,0.7162499999999999,0.9099999999999999,11,low,medium,linear
0,0,0,2,0.0,0.23474399999999998,0.25555555555555554,0.18000000000000027,0.3600000000000004,0.09098901098901112,0.18197802197802213,0.7162499999999999,0.9099999999999999,12,low,medium,linear
0,1,0,1,0.0,0.116184,0.3333333333333333,0.18000000000000027,0.3600000000000004,0.09098901098901112,0.18197802197802213,0.7162499999999999,0.9099999999999999,13,low,medium,linear
0,0,1,0,0.11812799999999998,0.0,0.6333333333333333,0.18000000000000027,0.3600000000000004,0.09098901098901112,0.18197802197802213,0.7162499999999999,0.9099999999999999,14,low,medium,linear
0,0,1,1,0.119616,0.11892,0.4,0.18000000000000027,0.3600000000000004,0.09098901098901112,0.18197802197802213,0.7162499999999999,0.9099999999999999,15,low,medium,linear
0,2,0,3,0.0,0.27676,0.37777777777777777,0.18000000000000027,0.3600000000000004,0.09098901098901112,0.18197802197802213,0.7162499999999999,0.9099999999999999,16,low,medium,linear
0,0,1,0,0.11995199999999999,0.0,0.4777777777777778,0.18000000000000027,0.3600000000000004,0.09098901098901112,0.18197802197802213,0.7162499999999999,0.9099999999999999,17,low,medium,linear
0,0,0,1,0.0,0.115896,0.4222222222222222,0.18000000000000027,0.3600000000000004,0.09098901098901112,0.18197802197802213,0.7162499999999999,0.9099999999999999,18,low,medium,linear
0,0,0,0,0.0,0.0,0.5111111111111111,0.18000000000000027,0.3600000000000004,0.09098901098901112,0.18197802197802213,0.7162499999999999,0.9099999999999999,19,low,medium,linear
0,0,1,1,0.11980799999999998,0.117696,0.5222222222222223,0.18000000000000027,0.3600000000000004,0.09098901098901112,0.18197802197802213,0.7162499999999999,0.9099999999999999,20,low,medium,linear
0,0,0,0,0.0,0.0,0.3888888888888889,0.18000000000000027,0.3600000000000004,0.09098901098901112,0.18197802197802213,0.7162499999999999,0.9099999999999999,21,low,medium,linear
0,0,0,0,0.0,0.0,0.5888888888888889,0.18000000000000027,0.3600000000000004,0.09098901098901112,0.18197802197802213,0.7162499999999999,0.9099999999999999,22,low,medium,linear
0,0,0,0,0.0,0.0,0.4444444444444444,0.18000000000000027,0.3600000000000004,0.09098901098901112,0.18197802197802213,0.7162499999999999,0.9099999999999999,23,low,medium,linear
0,0,2,1,0.23755199999999999,0.11834399999999999,0.32222222222222224,0.18000000000000027,0.3600000000000004,0.09098901098901112,0.18197802197802213,0.7162499999999999,0.9099999999999999,24,low,medium,linear
0,1,0,3,0.0,0.356616,0.4666666666666667,0.18000000000000027,0.3600000000000004,0.09098901098901112,0.18197802197802213,0.7162499999999999,0.9099999999999999,25,low,medium,linear
0,0,0,2,0.0,0.23675999999999997,0.4888888888888889,0.18000000000000027,0.3600000000000004,0.09098901098901112,0.18197802197802213,0.7162499999999999,0.9099999999999999,26,low,medium,linear
0,0,0,0,0.0,0.0,0.5666666666666667,0.18000000000000027,0.3600000000000004,0.09098901098901112,0.18197802197802213,0.7162499999999999,0.9099999999999999,27,low,medium,linear
0,0,0,0,0.0,0.0,0.4777777777777778,0.18000000000000027,0.3600000000000004,0.09098901098901112,0.18197802197802213,0.7162499999999999,0.9099999999999999,28,low,medium,linear
0,0,1,0,0.117936,0.0,0.5666666666666667,0.18000000000000027,0.3600000000000004,0.09098901098901112,0.18197802197802213,0.7162499999999999,0.9099999999999999,29,low,medium,linear
0,0,0,0,0.0,0.0,0.3333333333333333,0.18000000000000027,0.3600000000000004,0.09098901098901112,0.18197802197802213,0.7162499999999999,0.9099999999999999,30,low,medium,linear
0,0,0,0,0.0,0.0,0.43333333333333335,0.18000000000000027,0.3600000000000004,0.09098901098901112,0.18197802197802213,0.7162499999999999,0.9099999999999999,31,low,medium,linear
0,0,0,0,0.0,0.0,0.43333333333333335,0.18000000000000027,0.3600000000000004,0.09098901098901112,0.18197802197802213,0.7162499999999999,0.9099999999999999,32,low,medium,linear
0,0,0,0,0.0,0.0,0.5888888888888889,0.18000000000000027,0.3600000000000004,0.09098901098901112,0.18197802197802213,0.7162499999999999,0.9099999999999999,33,low,medium,linear
1,0,1,0,0.11995199999999999,0.0,0.4666666666666667,0.18000000000000027,0.3600000000000004,0.09098901098901112,0.18197802197802213,0.7162499999999999,0.9099999999999999,34,low,medium,linear
0,0,0,1,0.0,0.11978399999999999,0.34444444444444444,0.18000000000000027,0.3600000000000004,0.09098901098901112,0.18197802197802213,0.7162499999999999,0.9099999999999999,35,low,medium,linear
0,0,0,1,0.0,0.11870399999999999,0.4444444444444444,0.18000000000000027,0.3600000000000004,0.09098901098901112,0.18197802197802213,0.7162499999999999,0.9099999999999999,36,low,medium,linear
0,0,0,0,0.0,0.0,0.5666666666666667,0.18000000000000027,0.3600000000000004,0.09098901098901112,0.18197802197802213,0.7162499999999999,0.9099999999999999,37,low,medium,linear
0,1,0,1,0.0,0.118416,0.3888888888888889,0.18000000000000027,0.3600000000000004,0.09098901098901112,0.18197802197802213,0.7162499999999999,0.9099999999999999,38,low,medium,linear
0,0,1,1,0.118752,0.11639999999999999,0.5666666666666667,0.18000000000000027,0.3600000000000004,0.09098901098901112,0.18197802197802213,0.7162499999999999,0.9099999999999999,39,low,medium,linear
0,1,0,1,0.0,0.118848,0.5,0.18000000000000027,0.3600000000000004,0.09098901098901112,0.18197802197802213,0.7162499999999999,0.9099999999999999,40,low,medium,linear
0,0,1,1,0.119904,0.117696,0.45555555555555555,0.18000000000000027,0.3600000000000004,0.09098901098901112,0.18197802197802213,0.7162499999999999,0.9099999999999999,41,low,medium,linear
0,0,0,2,0.0,0.23488799999999999,0.35555555555555557,0.18000000000000027,0.3600000000000004,0.09098901098901112,0.18197802197802213,0.7162499999999999,0.9099999999999999,42,low,medium,linear
0,0,0,0,0.0,0.0,0.32222222222222224,0.18000000000000027,0.3600000000000004,0.09098901098901112,0.18197802197802213,0.7162499999999999,0.9099999999999999,43,low,medium,linear
0,0,1,0,0.11812799999999998,0.0,0.6111111111111112,0.18000000000000027,0.3600000000000004,0.09098901098901112,0.18197802197802213,0.7162499999999999,0.9099999999999999,44,low,medium,linear
0,0,0,1,0.0,0.119352,0.4222222222222222,0.18000000000000027,0.3600000000000004,0.09098901098901112,0.18197802197802213,0.7162499999999999,0.9099999999999999,45,low,medium,linear
0,0,0,0,0.0,0.0,0.5111111111111111,0.18000000000000027,0.3600000000000004,0.09098901098901112,0.18197802197802213,0.7162499999999999,0.9099999999999999,46,low,medium,linear
0,0,0,0,0.0,0.0,0.3,0.18000000000000027,0.3600000000000004,0.09098901098901112,0.18197802197802213,0.7162499999999999,0.9099999999999999,47,low,medium,linear
0,0,0,1,0.0,0.116544,0.4777777777777778,0.18000000000000027,0.3600000000000004,0.09098901098901112,0.18197802197802213,0.7162499999999999,0.9099999999999999,48,low,medium,linear
0,0,0,0,0.0,0.0,0.4222222222222222,0.18000000000000027,0.3600000000000004,0.09098901098901112,0.18197802197802213,0.7162499999999999,0.9099999999999999,49,low,medium,linear
0,0,0,2,0.0,0.23409599999999997,0.4888888888888889,0.18000000000000027,0.3600000000000004,0.09098901098901112,0.18197802197802213,0.7162499999999999,0.9099999999999999,50,low,medium,linear
0,0,2,0,0.237456,0.0,0.6666666666666666,0.18000000000000027,0.3600000000000004,0.09098901098901112,0.18197802197802213,0.7162499999999999,0.9099999999999999,51,low,medium,linear
0,0,0,1,0.0,0.11747999999999999,0.4,0.18000000000000027,0.3600000000000004,0.09098901098901112,0.18197802197802213,0.7162499999999999,0.9099999999999999,52,low,medium,linear
1,0,1,0,0.11966399999999999,0.0,0.4111111111111111,0.18000000000000027,0.3600000000000004,0.09098901098901112,0.18197802197802213,0.7162499999999999,0.9099999999999999,53,low,medium,linear
0,0,0,0,0.0,0.0,0.4222222222222222,0.18000000000000027,0.3600000000000004,0.09098901098901112,0.18197802197802213,0.7162499999999999,0.9099999999999999,54,low,medium,linear
0,0,0,0,0.0,0.0,0.5222222222222223,0.18000000000000027,0.3600000000000004,0.09098901098901112,0.18197802197802213,0.7162499999999999,0.9099999999999999,55,low,medium,linear
0,0,0,0,0.0,0.0,0.5666666666666667,0.18000000000000027,0.3600000000000004,0.09098901098901112,0.18197802197802213,0.7162499999999999,0.9099999999999999,56,low,medium,linear
0,0,0,1,0.0,0.11711999999999999,0.5111111111111111,0.18000000000000027,0.3600000000000004,0.09098901098901112,0.18197802197802213,0.7162499999999999,0.9099999999999999,57,low,medium,linear
1,0,1,0,0.11942399999999999,0.0,0.6222222222222222,0.18000000000000027,0.3600000000000004,0.09098901098901112,0.18197802197802213,0.7162499999999999,0.9099999999999999,58,low,medium,linear
0,0,0,1,0.0,0.11762399999999999,0.4222222222222222,0.18000000000000027,0.3600000000000004,0.09098901098901112,0.18197802197802213,0.7162499999999999,0.9099999999999999,59,low,medium,linear
0,0,0,2,0.0,0.233232,0.4,0.18000000000000027,0.3600000000000004,0.09098901098901112,0.18197802197802213,0.7162499999999999,0.9099999999999999,60,low,medium,linear
0,0,0,0,0.0,0.0,0.3333333333333333,0.18000000000000027,0.3600000000000004,0.09098901098901112,0.18197802197802213,0.7162499999999999,0.9099999999999999,61,low,medium,linear
1,0,1,0,0.119472,0.0,0.5,0.18000000000000027,0.3600000000000004,0.09098901098901112,0.18197802197802213,0.7162499999999999,0.9099999999999999,62,low,medium,linear
0,0,0,0,0.0,0.0,0.5888888888888889,0.18000000000000027,0.3600000000000004,0.09098901098901112,0.18197802197802213,0.7162499999999999,0.9099999999999999,63,low,medium,linear
0,0,0,2,0.0,0.232296,0.4888888888888889,0.18000000000000027,0.3600000000000004,0.09098901098901112,0.18197802197802213,0.7162499999999999,0.9099999999999999,64,low,medium,linear
0,0,0,1,0.0,0.116256,0.5777777777777777,0.18000000000000027,0.3600000000000004,0.09098901098901112,0.18197802197802213,0.7162499999999999,0.9099999999999999,65,low,medium,linear
0,0,0,0,0.0,0.0,0.4777777777777778,0.18000000000000027,0.3600000000000004,0.09098901098901112,0.18197802197802213,0.7162499999999999,0.9099999999999999,66,low,medium,linear
0,0,0,0,0.0,0.0,0.3888888888888889,0.18000000000000027,0.3600000000000004,0.09098901098901112,0.18197802197802213,0.7162499999999999,0.9099999999999999,67,low,medium,linear
1,1,1,1,0.11788799999999999,0.117336,0.6222222222222222,0.18000000000000027,0.3600000000000004,0.09098901098901112,0.18197802197802213,0.7162499999999999,0.9099999999999999,68,low,medium,linear
0,0,0,0,0.0,0.0,0.5444444444444444,0.18000000000000027,0.3600000000000004,0.09098901098901112,0.18197802197802213,0.7162499999999999,0.9099999999999999,69,low,medium,linear
0,0,1,0,0.11966399999999999,0.0,0.4666666666666667,0.18000000000000027,0.3600000000000004,0.09098901098901112,0.18197802197802213,0.7162499999999999,0.9099999999999999,70,low,medium,linear
0,0,0,1,0.0,0.117696,0.43333333333333335,0.18000000000000027,0.3600000000000004,0.09098901098901112,0.18197802197802213,0.7162499999999999,0.9099999999999999,71,low,medium,linear
0,0,1,1,0.118944,0.117696,0.43333333333333335,0.18000000000000027,0.3600000000000004,0.09098901098901112,0.18197802197802213,0.7162499999999999,0.9099999999999999,72,low,medium,linear
0,0,0,0,0.0,0.0,0.37777777777777777,0.18000000000000027,0.3600000000000004,0.09098901098901112,0.18197802197802213,0.7162499999999999,0.9099999999999999,73,low,medium,linear
0,0,0,0,0.0,0.0,0.5222222222222223,0.18000000000000027,0.3600000000000004,0.09098901098901112,0.18197802197802213,0.7162499999999999,0.9099999999999999,74,low,medium,linear
0,0,1,2,0.11788799999999999,0.239064,0.4666666666666667,0.18000000000000027,0.3600000000000004,0.09098901098901112,0.18197802197802213,0.7162499999999999,0.9099999999999999,75,low,medium,linear
0,0,0,0,0.0,0.0,0.5555555555555556,0.18000000000000027,0.3600000000000004,0.09098901098901112,0.18197802197802213,0.7162499999999999,0.9099999999999999,76,low,medium,linear
1,1,1,1,0.119472,0.117552,0.45555555555555555,0.18000000000000027,0.3600000000000004,0.09098901098901112,0.18197802197802213,0.7162499999999999,0.9099999999999999,77,low,medium,linear
0,0,0,1,0.0,0.11834399999999999,0.3,0.18000000000000027,0.3600000000000004,0.09098901098901112,0.18197802197802213,0.7162499999999999,0.9099999999999999,78,low,medium,linear
0,0,1,0,0.118992,0.0,0.36666666666666664,0.18000000000000027,0.3600000000000004,0.09098901098901112,0.18197802197802213,0.7162499999999999,0.9099999999999999,79,low,medium,linear
0,0,0,0,0.0,0.0,0.37777777777777777,0.18000000000000027,0.3600000000000004,0.09098901098901112,0.18197802197802213,0.7162499999999999,0.9099999999999999,80,low,medium,linear
0,1,0,1,0.0,0.11949599999999999,0.4111111111111111,0.18000000000000027,0.3600000000000004,0.09098901098901112,0.18197802197802213,0.7162499999999999,0.9099999999999999,81,low,medium,linear
0,0,0,0,0.0,0.0,0.5111111111111111,0.18000000000000027,0.3600000000000004,0.09098901098901112,0.18197802197802213,0.7162499999999999,0.9099999999999999,82,low,medium,linear
1,0,2,1,0.23784,0.11784,0.5333333333333333,0.18000000000000027,0.3600000000000004,0.09098901098901112,0.18197802197802213,0.7162499999999999,0.9099999999999999,83,low,medium,linear
0,0,0,1,0.0,0.11567999999999999,0.43333333333333335,0.18000000000000027,0.3600000000000004,0.09098901098901112,0.18197802197802213,0.7162499999999999,0.9099999999999999,84,low,medium,linear
0,0,0,2,0.0,0.238776,0.35555555555555557,0.18000000000000027,0.3600000000000004,0.09098901098901112,0.18197802197802213,0.7162499999999999,0.9099999999999999,85,low,medium,linear
0,0,0,0,0.0,0.0,0.5,0.18000000000000027,0.3600000000000004,0.09098901098901112,0.18197802197802213,0.7162499999999999,0.9099999999999999,86,low,medium,linear
0,0,2,0,0.23841599999999996,0.0,0.4666666666666667,0.18000000000000027,0.3600000000000004,0.09098901098901112,0.18197802197802213,0.7162499999999999,0.9099999999999999,87,low,medium,linear
0,0,0,0,0.0,0.0,0.5888888888888889,0.18000000000000027,0.3600000000000004,0.09098901098901112,0.18197802197802213,0.7162499999999999,0.9099999999999999,88,low,medium,linear
0,0,1,0,0.11879999999999999,0.0,0.5666666666666667,0.18000000000000027,0.3600000000000004,0.09098901098901112,0.18197802197802213,0.7162499999999999,0.9099999999999999,89,low,medium,linear
0,0,0,0,0.0,0.0,0.43333333333333335,0.18000000000000027,0.3600000000000004,0.09098901098901112,0.18197802197802213,0.7162499999999999,0.9099999999999999,90,low,medium,linear
0,0,0,0,0.0,0.0,0.43333333333333335,0.18000000000000027,0.3600000000000004,0.09098901098901112,0.18197802197802213,0.7162499999999999,0.9099999999999999,91,low,medium,linear
0,0,1,0,0.11908799999999999,0.0,0.5888888888888889,0.18000000000000027,0.3600000000000004,0.09098901098901112,0.18197802197802213,0.7162499999999999,0.9099999999999999,92,low,medium,linear
0,0,0,0,0.0,0.0,0.3888888888888889,0.18000000000000027,0.3600000000000004,0.09098901098901112,0.18197802197802213,0.7162499999999999,0.9099999999999999,93,low,medium,linear
1,0,1,0,0.118416,0.0,0.5444444444444444,0.18000000000000027,0.3600000000000004,0.09098901098901112,0.18197802197802213,0.7162499999999999,0.9099999999999999,94,low,medium,linear
0,0,1,0,0.11879999999999999,0.0,0.4,0.18000000000000027,0.3600000000000004,0.09098901098901112,0.18197802197802213,0.7162499999999999,0.9099999999999999,95,low,medium,linear
0,0,1,0,0.11836799999999999,0.0,0.4666666666666667,0.18000000000000027,0.3600000000000004,0.09098901098901112,0.18197802197802213,0.7162499999999999,0.9099999999999999,96,low,medium,linear
0,0,0,0,0.0,0.0,0.5777777777777777,0.18000000000000027,0.3600000000000004,0.09098901098901112,0.18197802197802213,0.7162499999999999,0.9099999999999999,97,low,medium,linear
0,0,1,1,0.119616,0.117696,0.43333333333333335,0.18000000000000027,0.3600000000000004,0.09098901098901112,0.18197802197802213,0.7162499999999999,0.9099999999999999,98,low,medium,linear
0,0,0,1,0.0,0.11877599999999999,0.4777777777777778,0.18000000000000027,0.3600000000000004,0.09098901098901112,0.18197802197802213,0.7162499999999999,0.9099999999999999,99,low,medium,linear
0,0,1,0,0.118656,0.0,0.5333333333333333,0.18000000000000027,0.3600000000000004,0.09098901098901112,0.18197802197802213,0.7162499999999999,0.9099999999999999,100,low,medium,linear
0,0,1,0,0.11870399999999999,0.0,0.5333333333333333,0.18000000000000027,0.3600000000000004,0.09098901098901112,0.18197802197802213,0.7162499999999999,0.9099999999999999,101,low,medium,linear
0,0,1,0,0.11971199999999999,0.0,0.4111111111111111,0.18000000000000027,0.3600000000000004,0.09098901098901112,0.18197802197802213,0.7162499999999999,0.9099999999999999,102,low,medium,linear
0,0,0,1,0.0,0.11848799999999998,0.35555555555555557,0.18000000000000027,0.3600000000000004,0.09098901098901112,0.18197802197802213,0.7162499999999999,0.9099999999999999,103,low,medium,linear
0,0,1,0,0.118992,0.0,0.5777777777777777,0.18000000000000027,0.3600000000000004,0.09098901098901112,0.18197802197802213,0.7162499999999999,0.9099999999999999,104,low,medium,linear
1,0,1,3,0.11856,0.35244,0.3333333333333333,0.18000000000000027,0.3600000000000004,0.09098901098901112,0.18197802197802213,0.7162499999999999,0.9099999999999999,105,low,medium,linear
0,0,0,1,0.0,0.11632799999999999,0.5555555555555556,0.18000000000000027,0.3600000000000004,0.09098901098901112,0.18197802197802213,0.7162499999999999,0.9099999999999999,106,low,medium,linear
0,0,0,2,0.0,0.235032,0.4444444444444444,0.18000000000000027,0.3600000000000004,0.09098901098901112,0.18197802197802213,0.7162499999999999,0.9099999999999999,107,low,medium,linear
0,0,0,1,0.0,0.11877599999999999,0.3111111111111111,0.18000000000000027,0.3600000000000004,0.09098901098901112,0.18197802197802213,0.7162499999999999,0.9099999999999999,108,low,medium,linear
0,0,0,1,0.0,0.118056,0.4111111111111111,0.18000000000000027,0.3600000000000004,0.09098901098901112,0.18197802197802213,0.7162499999999999,0.9099999999999999,109,low,medium,linear
0,0,0,0,0.0,0.0,0.5,0.18000000000000027,0.3600000000000004,0.09098901098901112,0.18197802197802213,0.7162499999999999,0.9099999999999999,110,low,medium,linear
0,0,2,1,0.23721599999999998,0.11711999999999999,0.4666666666666667,0.18000000000000027,0.3600000000000004,0.09098901098901112,0.18197802197802213,0.7162499999999999,0.9099999999999999,111,low,medium,linear
0,0,0,0,0.0,0.0,0.4111111111111111,0.18000000000000027,0.3600000000000004,0.09098901098901112,0.18197802197802213,0.7162499999999999,0.9099999999999999,112,low,medium,linear
0,0,0,0,0.0,0.0,0.6222222222222222,0.18000000000000027,0.3600000000000004,0.09098901098901112,0.18197802197802213,0.7162499999999999,0.9099999999999999,113,low,medium,linear
0,0,0,1,0.0,0.11740799999999998,0.45555555555555555,0.18000000000000027,0.3600000000000004,0.09098901098901112,0.18197802197802213,0.7162499999999999,0.9099999999999999,114,low,medium,linear
0,0,0,2,0.0,0.236904,0.4777777777777778,0.18000000000000027,0.3600000000000004,0.09098901098901112,0.18197802197802213,0.7162499999999999,0.9099999999999999,115,low,medium,linear
0,0,0,1,0.0,0.119352,0.4444444444444444,0.18000000000000027,0.3600000000000004,0.09098901098901112,0.18197802197802213,0.7162499999999999,0.9099999999999999,116,low,medium,linear
0,0,0,0,0.0,0.0,0.4888888888888889,0.18000000000000027,0.3600000000000004,0.09098901098901112,0.18197802197802213,0.7162499999999999,0.9099999999999999,117,low,medium,linear
0,0,2,0,0.23807999999999999,0.0,0.6,0.18000000000000027,0.3600000000000004,0.09098901098901112,0.18197802197802213,0.7162499999999999,0.9099999999999999,118,low,medium,linear
0,0,0,0,0.0,0.0,0.37777777777777777,0.18000000000000027,0.3600000000000004,0.09098901098901112,0.18197802197802213,0.7162499999999999,0.9099999999999999,119,low,medium,linear
0,0,0,0,0.0,0.0,0.5333333333333333,0.18000000000000027,0.3600000000000004,0.09098901098901112,0.18197802197802213,0.7162499999999999,0.9099999999999999,120,low,medium,linear
0,0,0,1,0.0,0.11906399999999999,0.5333333333333333,0.18000000000000027,0.3600000000000004,0.09098901098901112,0.18197802197802213,0.7162499999999999,0.9099999999999999,121,low,medium,linear
0,0,0,1,0.0,0.117912,0.35555555555555557,0.18000000000000027,0.3600000000000004,0.09098901098901112,0.18197802197802213,0.7162499999999999,0.9099999999999999,122,low,medium,linear
0,0,0,1,0.0,0.11870399999999999,0.4222222222222222,0.18000000000000027,0.3600000000000004,0.09098901098901112,0.18197802197802213,0.7162499999999999,0.9099999999999999,123,low,medium,linear
0,0,0,0,0.0,0.0,0.5111111111111111,0.18000000000000027,0.3600000000000004,0.09098901098901112,0.18197802197802213,0.7162499999999999,0.9099999999999999,124,low,medium,linear
0,0,0,0,0.0,0.0,0.3,0.18000000000000027,0.3600000000000004,0.09098901098901112,0.18197802197802213,0.7162499999999999,0.9099999999999999,125,low,medium,linear
1,0,3,0,0.355344,0.0,0.5555555555555556,0.18000000000000027,0.3600000000000004,0.09098901098901112,0.18197802197802213,0.7162499999999999,0.9099999999999999,126,low,medium,linear
0,0,2,1,0.23803199999999997,0.116904,0.5111111111111111,0.18000000000000027,0.3600000000000004,0.09098901098901112,0.18197802197802213,0.7162499999999999,0.9099999999999999,127,low,medium,linear
0,0,0,0,0.0,0.0,0.43333333333333335,0.18000000000000027,0.3600000000000004,0.09098901098901112,0.18197802197802213,0.7162499999999999,0.9099999999999999,128,low,medium,linear
0,0,0,0,0.0,0.0,0.3111111111111111,0.18000000000000027,0.3600000000000004,0.09098901098901112,0.18197802197802213,0.7162499999999999,0.9099999999999999,129,low,medium,linear
0,0,0,1,0.0,0.11776799999999998,0.4888888888888889,0.18000000000000027,0.3600000000000004,0.09098901098901112,0.18197802197802213,0.7162499999999999,0.9099999999999999,130,low,medium,linear
0,0,0,0,0.0,0.0,0.5777777777777777,0.18000000000000027,0.3600000000000004,0.09098901098901112,0.18197802197802213,0.7162499999999999,0.9099999999999999,131,low,medium,linear
0,0,0,1,0.0,0.11856,0.4,0.18000000000000027,0.3600000000000004,0.09098901098901112,0.18197802197802213,0.7162499999999999,0.9099999999999999,132,low,medium,linear
0,0,0,0,0.0,0.0,0.3111111111111111,0.18000000000000027,0.3600000000000004,0.09098901098901112,0.18197802197802213,0.7162499999999999,0.9099999999999999,133,low,medium,linear
0,0,1,0,0.11856,0.0,0.5777777777777777,0.18000000000000027,0.3600000000000004,0.09098901098901112,0.18197802197802213,0.7162499999999999,0.9099999999999999,134,low,medium,linear
0,0,0,0,0.0,0.0,0.5,0.18000000000000027,0.3600000000000004,0.09098901098901112,0.18197802197802213,0.7162499999999999,0.9099999999999999,135,low,medium,linear
0,0,0,0,0.0,0.0,0.4444444444444444,0.18000000000000027,0.3600000000000004,0.09098901098901112,0.18197802197802213,0.7162499999999999,0.9099999999999999,136,low,medium,linear
0,0,0,0,0.0,0.0,0.5111111111111111,0.18000000000000027,0.3600000000000004,0.09098901098901112,0.18197802197802213,0.7162499999999999,0.9099999999999999,137,low,medium,linear
0,0,0,1,0.0,0.11856,0.3,0.18000000000000027,0.3600000000000004,0.09098901098901112,0.18197802197802213,0.7162499999999999,0.9099999999999999,138,low,medium,linear
0,0,0,0,0.0,0.0,0.4222222222222222,0.18000000000000027,0.3600000000000004,0.09098901098901112,0.18197802197802213,0.7162499999999999,0.9099999999999999,139,low,medium,linear
0,0,0,2,0.0,0.23582399999999998,0.3888888888888889,0.18000000000000027,0.3600000000000004,0.09098901098901112,0.18197802197802213,0.7162499999999999,0.9099999999999999,140,low,medium,linear
0,0,0,0,0.0,0.0,0.43333333333333335,0.18000000000000027,0.3600000000000004,0.09098901098901112,0.18197802197802213,0.7162499999999999,0.9099999999999999,141,low,medium,linear
0,0,0,1,0.0,0.118632,0.5111111111111111,0.18000000000000027,0.3600000000000004,0.09098901098901112,0.18197802197802213,0.7162499999999999,0.9099999999999999,142,low,medium,linear
0,0,0,1,0.0,0.116184,0.5888888888888889,0.18000000000000027,0.3600000000000004,0.09098901098901112,0.18197802197802213,0.7162499999999999,0.9099999999999999,143,low,medium,linear
0,0,0,0,0.0,0.0,0.32222222222222224,0.18000000000000027,0.3600000000000004,0.09098901098901112,0.18197802197802213,0.7162499999999999,0.9099999999999999,144,low,medium,linear
0,0,0,1,0.0,0.11567999999999999,0.6444444444444445,0.18000000000000027,0.3600000000000004,0.09098901098901112,0.18197802197802213,0.7162499999999999,0.9099999999999999,145,low,medium,linear
0,0,0,1,0.0,0.11913599999999999,0.3888888888888889,0.18000000000000027,0.3600000000000004,0.09098901098901112,0.18197802197802213,0.7162499999999999,0.9099999999999999,146,low,medium,linear
0,0,1,0,0.11812799999999998,0.0,0.4777777777777778,0.18000000000000027,0.3600000000000004,0.09098901098901112,0.18197802197802213,0.7162499999999999,0.9099999999999999,147,low,medium,linear
0,0,0,2,0.0,0.237408,0.45555555555555555,0.18000000000000027,0.3600000000000004,0.09098901098901112,0.18197802197802213,0.7162499999999999,0.9099999999999999,148,low,medium,linear
0,0,0,0,0.0,0.0,0.6888888888888889,0.18000000000000027,0.3600000000000004,0.09098901098901112,0.18197802197802213,0.7162499999999999,0.9099999999999999,149,low,medium,linear
0,0,1,0,0.119376,0.0,0.5,0.18000000000000027,0.3600000000000004,0.09098901098901112,0.18197802197802213,0.7162499999999999,0.9099999999999999,150,low,medium,linear
0,0,0,0,0.0,0.0,0.45555555555555555,0.18000000000000027,0.3600000000000004,0.09098901098901112,0.18197802197802213,0.7162499999999999,0.9099999999999999,151,low,medium,linear
0,0,0,1,0.0,0.11784,0.34444444444444444,0.18000000000000027,0.3600000000000004,0.09098901098901112,0.18197802197802213,0.7162499999999999,0.9099999999999999,152,low,medium,linear
0,0,0,2,0.0,0.23294399999999998,0.4777777777777778,0.18000000000000027,0.3600000000000004,0.09098901098901112,0.18197802197802213,0.7162499999999999,0.9099999999999999,153,low,medium,linear
0,0,0,1,0.0,0.116976,0.3888888888888889,0.18000000000000027,0.3600000000000004,0.09098901098901112,0.18197802197802213,0.7162499999999999,0.9099999999999999,154,low,medium,linear
0,0,0,0,0.0,0.0,0.43333333333333335,0.18000000000000027,0.3600000000000004,0.09098901098901112,0.18197802197802213,0.7162499999999999,0.9099999999999999,155,low,medium,linear
0,0,0,0,0.0,0.0,0.3333333333333333,0.18000000000000027,0.3600000000000004,0.09098901098901112,0.18197802197802213,0.7162499999999999,0.9099999999999999,156,low,medium,linear
0,0,1,0,0.119472,0.0,0.5333333333333333,0.18000000000000027,0.3600000000000004,0.09098901098901112,0.18197802197802213,0.7162499999999999,0.9099999999999999,157,low,medium,linear
0,0,0,0,0.0,0.0,0.5222222222222223,0.18000000000000027,0.3600000000000004,0.09098901098901112,0.18197802197802213,0.7162499999999999,0.9099999999999999,158,low,medium,linear
0,0,0,1,0.0,0.11877599999999999,0.3333333333333333,0.18000000000000027,0.3600000000000004,0.09098901098901112,0.18197802197802213,0.7162499999999999,0.9099999999999999,159,low,medium,linear
0,0,0,1,0.0,0.11870399999999999,0.35555555555555557,0.18000000000000027,0.3600000000000004,0.09098901098901112,0.18197802197802213,0.7162499999999999,0.9099999999999999,160,low,medium,linear
0,0,0,0,0.0,0.0,0.43333333333333335,0.18000000000000027,0.3600000000000004,0.09098901098901112,0.18197802197802213,0.7162499999999999,0.9099999999999999,161,low,medium,linear
0,0,0,0,0.0,0.0,0.5444444444444444,0.18000000000000027,0.3600000000000004,0.09098901098901112,0.18197802197802213,0.7162499999999999,0.9099999999999999,162,low,medium,linear
0,0,1,0,0.11836799999999999,0.0,0.5666666666666667,0.18000000000000027,0.3600000000000004,0.09098901098901112,0.18197802197802213,0.7162499999999999,0.9099999999999999,163,low,medium,linear
0,0,0,1,0.0,0.117912,0.3333333333333333,0.18000000000000027,0.3600000000000004,0.09098901098901112,0.18197802197802213,0.7162499999999999,0.9099999999999999,164,low,medium,linear
0,0,0,0,0.0,0.0,0.36666666666666664,0.18000000000000027,0.3600000000000004,0.09098901098901112,0.18197802197802213,0.7162499999999999,0.9099999999999999,165,low,medium,linear
0,0,0,1,0.0,0.11668799999999999,0.35555555555555557,0.18000000000000027,0.3600000000000004,0.09098901098901112,0.18197802197802213,0.7162499999999999,0.9099999999999999,166,low,medium,linear
0,0,1,1,0.118512,0.116976,0.37777777777777777,0.18000000000000027,0.3600000000000004,0.09098901098901112,0.18197802197802213,0.7162499999999999,0.9099999999999999,167,low,medium,linear
0,0,2,0,0.237072,0.0,0.5777777777777777,0.18000000000000027,0.3600000000000004,0.09098901098901112,0.18197802197802213,0.7162499999999999,0.9099999999999999,168,low,medium,linear
0,0,0,0,0.0,0.0,0.5666666666666667,0.18000000000000027,0.3600000000000004,0.09098901098901112,0.18197802197802213,0.7162499999999999,0.9099999999999999,169,low,medium,linear
0,0,0,0,0.0,0.0,0.5111111111111111,0.18000000000000027,0.3600000000000004,0.09098901098901112,0.18197802197802213,0.7162499999999999,0.9099999999999999,170,low,medium,linear
0,0,0,1,0.0,0.11711999999999999,0.4,0.18000000000000027,0.3600000000000004,0.09098901098901112,0.18197802197802213,0.7162499999999999,0.9099999999999999,171,low,medium,linear
0,0,3,1,0.355488,0.11877599999999999,0.5555555555555556,0.18000000000000027,0.3600000000000004,0.09098901098901112,0.18197802197802213,0.7162499999999999,0.9099999999999999,172,low,medium,linear
0,0,0,0,0.0,0.0,0.37777777777777777,0.18000000000000027,0.3600000000000004,0.09098901098901112,0.18197802197802213,0.7162499999999999,0.9099999999999999,173,low,medium,linear
0,0,0,3,0.0,0.352512,0.4444444444444444,0.18000000000000027,0.3600000000000004,0.09098901098901112,0.18197802197802213,0.7162499999999999,0.9099999999999999,174,low,medium,linear
0,1,0,1,0.0,0.116904,0.2111111111111111,0.18000000000000027,0.3600000000000004,0.09098901098901112,0.18197802197802213,0.7162499999999999,0.9099999999999999,175,low,medium,linear
0,0,0,0,0.0,0.0,0.4666666666666667,0.18000000000000027,0.3600000000000004,0.09098901098901112,0.18197802197802213,0.7162499999999999,0.9099999999999999,176,low,medium,linear
0,0,0,1,0.0,0.11949599999999999,0.3888888888888889,0.18000000000000027,0.3600000000000004,0.09098901098901112,0.18197802197802213,0.7162499999999999,0.9099999999999999,177,low,medium,linear
0,0,1,1,0.11784,0.117192,0.43333333333333335,0.18000000000000027,0.3600000000000004,0.09098901098901112,0.18197802197802213,0.7162499999999999,0.9099999999999999,178,low,medium,linear
0,0,0,2,0.0,0.236688,0.4222222222222222,0.18000000000000027,0.3600000000000004,0.09098901098901112,0.18197802197802213,0.7162499999999999,0.9099999999999999,179,low,medium,linear
0,0,1,0,0.11798399999999999,0.0,0.4222222222222222,0.18000000000000027,0.3600000000000004,0.09098901098901112,0.18197802197802213,0.7162499999999999,0.9099999999999999,180,low,medium,linear
0,0,0,0,0.0,0.0,0.34444444444444444,0.18000000000000027,0.3600000000000004,0.09098901098901112,0.18197802197802213,0.7162499999999999,0.9099999999999999,181,low,medium,linear
0,0,0,0,0.0,0.0,0.4777777777777778,0.18000000000000027,0.3600000000000004,0.09098901098901112,0.18197802197802213,0.7162499999999999,0.9099999999999999,182,low,medium,linear
0,0,0,1,0.0,0.118056,0.3333333333333333,0.18000000000000027,0.3600000000000004,0.09098901098901112,0.18197802197802213,0.7162499999999999,0.9099999999999999,183,low,medium,linear
0,0,0,2,0.0,0.23755199999999999,0.4,0.18000000000000027,0.3600000000000004,0.09098901098901112,0.18197802197802213,0.7162499999999999,0.9099999999999999,184,low,medium,linear
0,0,0,1,0.0,0.11683199999999999,0.3111111111111111,0.18000000000000027,0.3600000000000004,0.09098901098901112,0.18197802197802213,0.7162499999999999,0.9099999999999999,185,low,medium,linear
0,0,0,2,0.0,0.238704,0.34444444444444444,0.18000000000000027,0.3600000000000004,0.09098901098901112,0.18197802197802213,0.7162499999999999,0.9099999999999999,186,low,medium,linear
1,0,2,0,0.23759999999999998,0.0,0.6666666666666666,0.18000000000000027,0.3600000000000004,0.09098901098901112,0.18197802197802213,0.7162499999999999,0.9099999999999999,187,low,medium,linear
0,0,0,2,0.0,0.23510399999999998,0.5333333333333333,0.18000000000000027,0.3600000000000004,0.09098901098901112,0.18197802197802213,0.7162499999999999,0.9099999999999999,188,low,medium,linear
0,0,0,0,0.0,0.0,0.3888888888888889,0.18000000000000027,0.3600000000000004,0.09098901098901112,0.18197802197802213,0.7162499999999999,0.9099999999999999,189,low,medium,linear
0,0,0,0,0.0,0.0,0.6666666666666666,0.18000000000000027,0.3600000000000004,0.09098901098901112,0.18197802197802213,0.7162499999999999,0.9099999999999999,190,low,medium,linear
0,0,0,0,0.0,0.0,0.4222222222222222,0.18000000000000027,0.3600000000000004,0.09098901098901112,0.18197802197802213,0.7162499999999999,0.9099999999999999,191,low,medium,linear
0,0,0,0,0.0,0.0,0.5222222222222223,0.18000000000000027,0.3600000000000004,0.09098901098901112,0.18197802197802213,0.7162499999999999,0.9099999999999999,192,low,medium,linear
0,0,0,1,0.0,0.11798399999999999,0.3111111111111111,0.18000000000000027,0.3600000000000004,0.09098901098901112,0.18197802197802213,0.7162499999999999,0.9099999999999999,193,low,medium,linear
0,0,0,0,0.0,0.0,0.45555555555555555,0.18000000000000027,0.3600000000000004,0.09098901098901112,0.18197802197802213,0.7162499999999999,0.9099999999999999,194,low,medium,linear
0,0,1,3,0.11860799999999999,0.35675999999999997,0.17777777777777778,0.18000000000000027,0.3600000000000004,0.09098901098901112,0.18197802197802213,0.7162499999999999,0.9099999999999999,195,low,medium,linear
0,0,0,0,0.0,0.0,0.4111111111111111,0.18000000000000027,0.3600000000000004,0.09098901098901112,0.18197802197802213,0.7162499999999999,0.9099999999999999,196,low,medium,linear
0,0,1,0,0.118416,0.0,0.6222222222222222,0.18000000000000027,0.3600000000000004,0.09098901098901112,0.18197802197802213,0.7162499999999999,0.9099999999999999,197,low,medium,linear
0,0,0,0,0.0,0.0,0.4222222222222222,0.18000000000000027,0.3600000000000004,0.09098901098901112,0.18197802197802213,0.7162499999999999,0.9099999999999999,198,low,medium,linear
0,0,0,3,0.0,0.35424,0.2777777777777778,0.18000000000000027,0.3600000000000004,0.09098901098901112,0.18197802197802213,0.7162499999999999,0.9099999999999999,199,low,medium,linear
0,0,2,0,0.23692799999999997,0.0,0.5333333333333333,0.18000000000000027,0.3600000000000004,0.09098901098901112,0.18197802197802213,0.7162499999999999,0.9099999999999999,200,low,medium,linear
0,0,0,0,0.0,0.0,0.4444444444444444,0.18000000000000027,0.3600000000000004,0.09098901098901112,0.18197802197802213,0.7162499999999999,0.9099999999999999,201,low,medium,linear
0,1,0,1,0.0,0.11949599999999999,0.4,0.18000000000000027,0.3600000000000004,0.09098901098901112,0.18197802197802213,0.7162499999999999,0.9099999999999999,202,low,medium,linear
0,0,0,0,0.0,0.0,0.3888888888888889,0.18000000000000027,0.3600000000000004,0.09098901098901112,0.18197802197802213,0.7162499999999999,0.9099999999999999,203,low,medium,linear
0,1,1,2,0.11975999999999999,0.235248,0.4777777777777778,0.18000000000000027,0.3600000000000004,0.09098901098901112,0.18197802197802213,0.7162499999999999,0.9099999999999999,204,low,medium,linear
1,1,1,1,0.118992,0.117336,0.4888888888888889,0.18000000000000027,0.3600000000000004,0.09098901098901112,0.18197802197802213,0.7162499999999999,0.9099999999999999,205,low,medium,linear
0,0,0,0,0.0,0.0,0.4777777777777778,0.18000000000000027,0.3600000000000004,0.09098901098901112,0.18197802197802213,0.7162499999999999,0.9099999999999999,206,low,medium,linear
0,0,1,0,0.118416,0.0,0.5444444444444444,0.18000000000000027,0.3600000000000004,0.09098901098901112,0.18197802197802213,0.7162499999999999,0.9099999999999999,207,low,medium,linear
0,0,0,0,0.0,0.0,0.3333333333333333,0.18000000000000027,0.3600000000000004,0.09098901098901112,0.18197802197802213,0.7162499999999999,0.9099999999999999,208,low,medium,linear
0,0,0,2,0.0,0.233808,0.32222222222222224,0.18000000000000027,0.3600000000000004,0.09098901098901112,0.18197802197802213,0.7162499999999999,0.9099999999999999,209,low,medium,linear
0,0,0,0,0.0,0.0,0.7444444444444445,0.18000000000000027,0.3600000000000004,0.09098901098901112,0.18197802197802213,0.7162499999999999,0.9099999999999999,210,low,medium,linear
0,0,0,1,0.0,0.118848,0.37777777777777777,0.18000000000000027,0.3600000000000004,0.09098901098901112,0.18197802197802213,0.7162499999999999,0.9099999999999999,211,low,medium,linear
0,0,0,1,0.0,0.11647199999999999,0.4444444444444444,0.18000000000000027,0.3600000000000004,0.09098901098901112,0.18197802197802213,0.7162499999999999,0.9099999999999999,212,low,medium,linear
0,0,1,1,0.11975999999999999,0.039592,0.4,0.18000000000000027,0.3600000000000004,0.09098901098901112,0.18197802197802213,0.7162499999999999,0.9099999999999999,213,low,medium,linear
0,0,0,0,0.0,0.0,0.4666666666666667,0.18000000000000027,0.3600000000000004,0.09098901098901112,0.18197802197802213,0.7162499999999999,0.9099999999999999,214,low,medium,linear
0,0,1,0,0.119856,0.0,0.4,0.18000000000000027,0.3600000000000004,0.09098901098901112,0.18197802197802213,0.7162499999999999,0.9099999999999999,215,low,medium,linear
0,0,2,0,0.2364,0.0,0.5222222222222223,0.18000000000000027,0.3600000000000004,0.09098901098901112,0.18197802197802213,0.7162499999999999,0.9099999999999999,216,low,medium,linear
0,0,0,1,0.0,0.118416,0.45555555555555555,0.18000000000000027,0.3600000000000004,0.09098901098901112,0.18197802197802213,0.7162499999999999,0.9099999999999999,217,low,medium,linear
0,0,0,2,0.0,0.239136,0.2111111111111111,0.18000000000000027,0.3600000000000004,0.09098901098901112,0.18197802197802213,0.7162499999999999,0.9099999999999999,218,low,medium,linear
0,0,0,1,0.0,0.118272,0.32222222222222224,0.18000000000000027,0.3600000000000004,0.09098901098901112,0.18197802197802213,0.7162499999999999,0.9099999999999999,219,low,medium,linear
0,0,0,0,0.0,0.0,0.4777777777777778,0.18000000000000027,0.3600000000000004,0.09098901098901112,0.18197802197802213,0.7162499999999999,0.9099999999999999,220,low,medium,linear
0,1,0,3,0.0,0.35359199999999996,0.43333333333333335,0.18000000000000027,0.3600000000000004,0.09098901098901112,0.18197802197802213,0.7162499999999999,0.9099999999999999,221,low,medium,linear
0,1,0,2,0.0,0.235464,0.4777777777777778,0.18000000000000027,0.3600000000000004,0.09098901098901112,0.18197802197802213,0.7162499999999999,0.9099999999999999,222,low,medium,linear
0,1,0,1,0.0,0.11942399999999999,0.5222222222222223,0.18000000000000027,0.3600000000000004,0.09098901098901112,0.18197802197802213,0.7162499999999999,0.9099999999999999,223,low,medium,linear
0,0,0,0,0.0,0.0,0.4111111111111111,0.18000000000000027,0.3600000000000004,0.09098901098901112,0.18197802197802213,0.7162499999999999,0.9099999999999999,224,low,medium,linear
0,0,0,0,0.0,0.0,0.45555555555555555,0.18000000000000027,0.3600000000000004,0.09098901098901112,0.18197802197802213,0.7162499999999999,0.9099999999999999,225,low,medium,linear
0,0,0,0,0.0,0.0,0.4111111111111111,0.18000000000000027,0.3600000000000004,0.09098901098901112,0.18197802197802213,0.7162499999999999,0.9099999999999999,226,low,medium,linear
0,0,0,0,0.0,0.0,0.6555555555555556,0.18000000000000027,0.3600000000000004,0.09098901098901112,0.18197802197802213,0.7162499999999999,0.9099999999999999,227,low,medium,linear
0,0,0,1,0.0,0.11834399999999999,0.36666666666666664,0.18000000000000027,0.3600000000000004,0.09098901098901112,0.18197802197802213,0.7162499999999999,0.9099999999999999,228,low,medium,linear
0,0,0,1,0.0,0.1182,0.4444444444444444,0.18000000000000027,0.3600000000000004,0.09098901098901112,0.18197802197802213,0.7162499999999999,0.9099999999999999,229,low,medium,linear
0,1,0,1,0.0,0.117192,0.43333333333333335,0.18000000000000027,0.3600000000000004,0.09098901098901112,0.18197802197802213,0.7162499999999999,0.9099999999999999,230,low,medium,linear
0,0,0,0,0.0,0.0,0.4,0.18000000000000027,0.3600000000000004,0.09098901098901112,0.18197802197802213,0.7162499999999999,0.9099999999999999,231,low,medium,linear
0,0,0,1,0.0,0.11877599999999999,0.4111111111111111,0.18000000000000027,0.3600000000000004,0.09098901098901112,0.18197802197802213,0.7162499999999999,0.9099999999999999,232,low,medium,linear
0,0,0,0,0.0,0.0,0.4,0.18000000000000027,0.3600000000000004,0.09098901098901112,0.18197802197802213,0.7162499999999999,0.9099999999999999,233,low,medium,linear
0,0,0,1,0.0,0.11762399999999999,0.4444444444444444,0.18000000000000027,0.3600000000000004,0.09098901098901112,0.18197802197802213,0.7162499999999999,0.9099999999999999,234,low,medium,linear
0,0,0,0,0.0,0.0,0.37777777777777777,0.18000000000000027,0.3600000000000004,0.09098901098901112,0.18197802197802213,0.7162499999999999,0.9099999999999999,235,low,medium,linear
0,0,0,0,0.0,0.0,0.5111111111111111,0.18000000000000027,0.3600000000000004,0.09098901098901112,0.18197802197802213,0.7162499999999999,0.9099999999999999,236,low,medium,linear
0,1,0,3,0.0,0.354744,0.36666666666666664,0.18000000000000027,0.3600000000000004,0.09098901098901112,0.18197802197802213,0.7162499999999999,0.9099999999999999,237,low,medium,linear
0,0,0,0,0.0,0.0,0.23333333333333334,0.18000000000000027,0.3600000000000004,0.09098901098901112,0.18197802197802213,0.7162499999999999,0.9099999999999999,238,low,medium,linear
0,0,1,0,0.11966399999999999,0.0,0.6333333333333333,0.18000000000000027,0.3600000000000004,0.09098901098901112,0.18197802197802213,0.7162499999999999,0.9099999999999999,239,low,medium,linear
0,0,1,1,0.119376,0.118056,0.5333333333333333,0.18000000000000027,0.3600000000000004,0.09098901098901112,0.18197802197802213,0.7162499999999999,0.9099999999999999,240,low,medium,linear
0,0,0,1,0.0,0.118416,0.4444444444444444,0.18000000000000027,0.3600000000000004,0.09098901098901112,0.18197802197802213,0.7162499999999999,0.9099999999999999,241,low,medium,linear
0,0,0,0,0.0,0.0,0.6,0.18000000000000027,0.3600000000000004,0.09098901098901112,0.18197802197802213,0.7162499999999999,0.9099999999999999,242,low,medium,linear
0,0,0,0,0.0,0.0,0.37777777777777777,0.18000000000000027,0.3600000000000004,0.09098901098901112,0.18197802197802213,0.7162499999999999,0.9099999999999999,243,low,medium,linear
0,0,0,0,0.0,0.0,0.5111111111111111,0.18000000000000027,0.3600000000000004,0.09098901098901112,0.18197802197802213,0.7162499999999999,0.9099999999999999,244,low,medium,linear
0,0,0,0,0.0,0.0,0.5111111111111111,0.18000000000000027,0.3600000000000004,0.09098901098901112,0.18197802197802213,0.7162499999999999,0.9099999999999999,245,low,medium,linear
0,1,0,1,0.0,0.11596799999999999,0.4,0.18000000000000027,0.3600000000000004,0.09098901098901112,0.18197802197802213,0.7162499999999999,0.9099999999999999,246,low,medium,linear
0,0,0,0,0.0,0.0,0.45555555555555555,0.18000000000000027,0.3600000000000004,0.09098901098901112,0.18197802197802213,0.7162499999999999,0.9099999999999999,247,low,medium,linear
0,0,0,1,0.0,0.11949599999999999,0.3333333333333333,0.18000000000000027,0.3600000000000004,0.09098901098901112,0.18197802197802213,0.7162499999999999,0.9099999999999999,248,low,medium,linear
0,0,0,0,0.0,0.0,0.34444444444444444,0.18000000000000027,0.3600000000000004,0.09098901098901112,0.18197802197802213,0.7162499999999999,0.9099999999999999,249,low,medium,linear
0,0,0,0,0.0,0.0,0.4666666666666667,0.18000000000000027,0.3600000000000004,0.09098901098901112,0.18197802197802213,0.7162499999999999,0.9099999999999999,250,low,medium,linear
0,0,0,0,0.0,0.0,0.5333333333333333,0.18000000000000027,0.3600000000000004,0.09098901098901112,0.18197802197802213,0.7162499999999999,0.9099999999999999,251,low,medium,linear
0,0,0,0,0.0,0.0,0.36666666666666664,0.18000000000000027,0.3600000000000004,0.09098901098901112,0.18197802197802213,0.7162499999999999,0.9099999999999999,252,low,medium,linear
0,0,0,0,0.0,0.0,0.6444444444444445,0.18000000000000027,0.3600000000000004,0.09098901098901112,0.18197802197802213,0.7162499999999999,0.9099999999999999,253,low,medium,linear
0,0,0,0,0.0,0.0,0.34444444444444444,0.18000000000000027,0.3600000000000004,0.09098901098901112,0.18197802197802213,0.7162499999999999,0.9099999999999999,254,low,medium,linear
0,0,0,1,0.0,0.117696,0.4666666666666667,0.18000000000000027,0.3600000000000004,0.09098901098901112,0.18197802197802213,0.7162499999999999,0.9099999999999999,255,low,medium,linear
0,0,0,0,0.0,0.0,0.45555555555555555,0.18000000000000027,0.3600000000000004,0.09098901098901112,0.18197802197802213,0.7162499999999999,0.9099999999999999,256,low,medium,linear
0,0,0,1,0.0,0.11675999999999999,0.18888888888888888,0.18000000000000027,0.3600000000000004,0.09098901098901112,0.18197802197802213,0.7162499999999999,0.9099999999999999,257,low,medium,linear
1,1,1,2,0.11975999999999999,0.23517599999999997,0.45555555555555555,0.18000000000000027,0.3600000000000004,0.09098901098901112,0.18197802197802213,0.7162499999999999,0.9099999999999999,258,low,medium,linear
0,0,2,0,0.236016,0.0,0.5666666666666667,0.18000000000000027,0.3600000000000004,0.09098901098901112,0.18197802197802213,0.7162499999999999,0.9099999999999999,259,low,medium,linear
0,0,0,2,0.0,0.235752,0.4888888888888889,0.18000000000000027,0.3600000000000004,0.09098901098901112,0.18197802197802213,0.7162499999999999,0.9099999999999999,260,low,medium,linear
0,0,1,2,0.117936,0.231504,0.4222222222222222,0.18000000000000027,0.3600000000000004,0.09098901098901112,0.18197802197802213,0.7162499999999999,0.9099999999999999,261,low,medium,linear
0,0,0,1,0.0,0.119712,0.3888888888888889,0.18000000000000027,0.3600000000000004,0.09098901098901112,0.18197802197802213,0.7162499999999999,0.9099999999999999,262,low,medium,linear
0,0,0,3,0.0,0.351072,0.43333333333333335,0.18000000000000027,0.3600000000000004,0.09098901098901112,0.18197802197802213,0.7162499999999999,0.9099999999999999,263,low,medium,linear
0,0,0,0,0.0,0.0,0.45555555555555555,0.18000000000000027,0.3600000000000004,0.09098901098901112,0.18197802197802213,0.7162499999999999,0.9099999999999999,264,low,medium,linear
0,0,0,1,0.0,0.11711999999999999,0.4222222222222222,0.18000000000000027,0.3600000000000004,0.09098901098901112,0.18197802197802213,0.7162499999999999,0.9099999999999999,265,low,medium,linear
0,0,0,0,0.0,0.0,0.4,0.18000000000000027,0.3600000000000004,0.09098901098901112,0.18197802197802213,0.7162499999999999,0.9099999999999999,266,low,medium,linear
0,0,0,1,0.0,0.118272,0.4888888888888889,0.18000000000000027,0.3600000000000004,0.09098901098901112,0.18197802197802213,0.7162499999999999,0.9099999999999999,267,low,medium,linear
0,1,0,1,0.0,0.1182,0.35555555555555557,0.18000000000000027,0.3600000000000004,0.09098901098901112,0.18197802197802213,0.7162499999999999,0.9099999999999999,268,low,medium,linear
0,0,0,1,0.0,0.11942399999999999,0.5444444444444444,0.18000000000000027,0.3600000000000004,0.09098901098901112,0.18197802197802213,0.7162499999999999,0.9099999999999999,269,low,medium,linear
0,0,1,0,0.119856,0.0,0.4666666666666667,0.18000000000000027,0.3600000000000004,0.09098901098901112,0.18197802197802213,0.7162499999999999,0.9099999999999999,270,low,medium,linear
0,0,0,0,0.0,0.0,0.5777777777777777,0.18000000000000027,0.3600000000000004,0.09098901098901112,0.18197802197802213,0.7162499999999999,0.9099999999999999,271,low,medium,linear
0,0,1,0,0.11807999999999999,0.0,0.36666666666666664,0.18000000000000027,0.3600000000000004,0.09098901098901112,0.18197802197802213,0.7162499999999999,0.9099999999999999,272,low,medium,linear
0,0,0,0,0.0,0.0,0.32222222222222224,0.18000000000000027,0.3600000000000004,0.09098901098901112,0.18197802197802213,0.7162499999999999,0.9099999999999999,273,low,medium,linear
0,0,0,1,0.0,0.118272,0.35555555555555557,0.18000000000000027,0.3600000000000004,0.09098901098901112,0.18197802197802213,0.7162499999999999,0.9099999999999999,274,low,medium,linear
0,0,3,0,0.35798399999999997,0.0,0.5222222222222223,0.18000000000000027,0.3600000000000004,0.09098901098901112,0.18197802197802213,0.7162499999999999,0.9099999999999999,275,low,medium,linear
0,0,0,1,0.0,0.117696,0.4777777777777778,0.18000000000000027,0.3600000000000004,0.09098901098901112,0.18197802197802213,0.7162499999999999,0.9099999999999999,276,low,medium,linear
0,0,0,0,0.0,0.0,0.5,0.18000000000000027,0.3600000000000004,0.09098901098901112,0.18197802197802213,0.7162499999999999,0.9099999999999999,277,low,medium,linear
0,0,1,0,0.118992,0.0,0.45555555555555555,0.18000000000000027,0.3600000000000004,0.09098901098901112,0.18197802197802213,0.7162499999999999,0.9099999999999999,278,low,medium,linear
0,1,0,1,0.0,0.11567999999999999,0.5,0.18000000000000027,0.3600000000000004,0.09098901098901112,0.18197802197802213,0.7162499999999999,0.9099999999999999,279,low,medium,linear
0,0,1,0,0.118224,0.0,0.5666666666666667,0.18000000000000027,0.3600000000000004,0.09098901098901112,0.18197802197802213,0.7162499999999999,0.9099999999999999,280,low,medium,linear
0,0,0,1,0.0,0.118632,0.45555555555555555,0.18000000000000027,0.3600000000000004,0.09098901098901112,0.18197802197802213,0.7162499999999999,0.9099999999999999,281,low,medium,linear
0,0,0,1,0.0,0.11856,0.5111111111111111,0.18000000000000027,0.3600000000000004,0.09098901098901112,0.18197802197802213,0.7162499999999999,0.9099999999999999,282,low,medium,linear
0,0,0,1,0.0,0.118848,0.5111111111111111,0.18000000000000027,0.3600000000000004,0.09098901098901112,0.18197802197802213,0.7162499999999999,0.9099999999999999,283,low,medium,linear
0,0,0,1,0.0,0.117264,0.4222222222222222,0.18000000000000027,0.3600000000000004,0.09098901098901112,0.18197802197802213,0.7162499999999999,0.9099999999999999,284,low,medium,linear
0,0,1,0,0.118848,0.0,0.43333333333333335,0.18000000000000027,0.3600000000000004,0.09098901098901112,0.18197802197802213,0.7162499999999999,0.9099999999999999,285,low,medium,linear
0,0,1,0,0.11913599999999999,0.0,0.5555555555555556,0.18000000000000027,0.3600000000000004,0.09098901098901112,0.18197802197802213,0.7162499999999999,0.9099999999999999,286,low,medium,linear
0,0,0,1,0.0,0.11762399999999999,0.4888888888888889,0.18000000000000027,0.3600000000000004,0.09098901098901112,0.18197802197802213,0.7162499999999999,0.9099999999999999,287,low,medium,linear
0,0,0,1,0.0,0.118056,0.34444444444444444,0.18000000000000027,0.3600000000000004,0.09098901098901112,0.18197802197802213,0.7162499999999999,0.9099999999999999,288,low,medium,linear
0,0,1,0,0.11860799999999999,0.0,0.43333333333333335,0.18000000000000027,0.3600000000000004,0.09098901098901112,0.18197802197802213,0.7162499999999999,0.9099999999999999,289,low,medium,linear
0,1,0,1,0.0,0.116904,0.36666666666666664,0.18000000000000027,0.3600000000000004,0.09098901098901112,0.18197802197802213,0.7162499999999999,0.9099999999999999,290,low,medium,linear
0,0,0,1,0.0,0.11913599999999999,0.4888888888888889,0.18000000000000027,0.3600000000000004,0.09098901098901112,0.18197802197802213,0.7162499999999999,0.9099999999999999,291,low,medium,linear
0,0,0,1,0.0,0.11762399999999999,0.37777777777777777,0.18000000000000027,0.3600000000000004,0.09098901098901112,0.18197802197802213,0.7162499999999999,0.9099999999999999,292,low,medium,linear
0,0,0,0,0.0,0.0,0.3,0.18000000000000027,0.3600000000000004,0.09098901098901112,0.18197802197802213,0.7162499999999999,0.9099999999999999,293,low,medium,linear
0,0,0,0,0.0,0.0,0.5777777777777777,0.18000000000000027,0.3600000000000004,0.09098901098901112,0.18197802197802213,0.7162499999999999,0.9099999999999999,294,low,medium,linear
0,0,0,0,0.0,0.0,0.25555555555555554,0.18000000000000027,0.3600000000000004,0.09098901098901112,0.18197802197802213,0.7162499999999999,0.9099999999999999,295,low,medium,linear
0,0,0,0,0.0,0.0,0.45555555555555555,0.18000000000000027,0.3600000000000004,0.09098901098901112,0.18197802197802213,0.7162499999999999,0.9099999999999999,296,low,medium,linear
0,0,0,0,0.0,0.0,0.7666666666666667,0.18000000000000027,0.3600000000000004,0.09098901098901112,0.18197802197802213,0.7162499999999999,0.9099999999999999,297,low,medium,linear
0,0,1,0,0.11975999999999999,0.0,0.4888888888888889,0.18000000000000027,0.3600000000000004,0.09098901098901112,0.18197802197802213,0.7162499999999999,0.9099999999999999,298,low,medium,linear
0,0,0,0,0.0,0.0,0.3333333333333333,0.18000000000000027,0.3600000000000004,0.09098901098901112,0.18197802197802213,0.7162499999999999,0.9099999999999999,299,low,medium,linear
0,0,0,0,0.0,0.0,0.5333333333333333,0.3600000000000004,0.3600000000000004,0.18197802197802213,0.18197802197802213,0.9099999999999999,0.9099999999999999,0,medium,medium,linear
0,0,0,0,0.0,0.0,0.4777777777777778,0.3600000000000004,0.3600000000000004,0.18197802197802213,0.18197802197802213,0.9099999999999999,0.9099999999999999,1,medium,medium,linear
0,0,1,2,0.117696,0.23776799999999998,0.6333333333333333,0.3600000000000004,0.3600000000000004,0.18197802197802213,0.18197802197802213,0.9099999999999999,0.9099999999999999,2,medium,medium,linear
0,0,0,2,0.0,0.235896,0.4888888888888889,0.3600000000000004,0.3600000000000004,0.18197802197802213,0.18197802197802213,0.9099999999999999,0.9099999999999999,3,medium,medium,linear
0,0,0,1,0.0,0.11603999999999999,0.5,0.3600000000000004,0.3600000000000004,0.18197802197802213,0.18197802197802213,0.9099999999999999,0.9099999999999999,4,medium,medium,linear
1,0,1,0,0.11632799999999999,0.0,0.6222222222222222,0.3600000000000004,0.3600000000000004,0.18197802197802213,0.18197802197802213,0.9099999999999999,0.9099999999999999,5,medium,medium,linear
0,0,0,0,0.0,0.0,0.6444444444444445,0.3600000000000004,0.3600000000000004,0.18197802197802213,0.18197802197802213,0.9099999999999999,0.9099999999999999,6,medium,medium,linear
0,0,0,0,0.0,0.0,0.5333333333333333,0.3600000000000004,0.3600000000000004,0.18197802197802213,0.18197802197802213,0.9099999999999999,0.9099999999999999,7,medium,medium,linear
0,0,0,1,0.0,0.11784,0.3,0.3600000000000004,0.3600000000000004,0.18197802197802213,0.18197802197802213,0.9099999999999999,0.9099999999999999,8,medium,medium,linear
0,1,0,1,0.0,0.116256,0.32222222222222224,0.3600000000000004,0.3600000000000004,0.18197802197802213,0.18197802197802213,0.9099999999999999,0.9099999999999999,9,medium,medium,linear
0,0,0,1,0.0,0.11870399999999999,0.4777777777777778,0.3600000000000004,0.3600000000000004,0.18197802197802213,0.18197802197802213,0.9099999999999999,0.9099999999999999,10,medium,medium,linear
0,0,1,0,0.11964,0.0,0.43333333333333335,0.3600000000000004,0.3600000000000004,0.18197802197802213,0.18197802197802213,0.9099999999999999,0.9099999999999999,11,medium,medium,linear
0,0,0,0,0.0,0.0,0.4777777777777778,0.3600000000000004,0.3600000000000004,0.18197802197802213,0.18197802197802213,0.9099999999999999,0.9099999999999999,12,medium,medium,linear
0,0,0,0,0.0,0.0,0.5666666666666667,0.3600000000000004,0.3600000000000004,0.18197802197802213,0.18197802197802213,0.9099999999999999,0.9099999999999999,13,medium,medium,linear
0,0,1,0,0.117192,0.0,0.5555555555555556,0.3600000000000004,0.3600000000000004,0.18197802197802213,0.18197802197802213,0.9099999999999999,0.9099999999999999,14,medium,medium,linear
0,0,2,0,0.23719199999999996,0.0,0.5777777777777777,0.3600000000000004,0.3600000000000004,0.18197802197802213,0.18197802197802213,0.9099999999999999,0.9099999999999999,15,medium,medium,linear
0,1,0,1,0.0,0.039136,0.4222222222222222,0.3600000000000004,0.3600000000000004,0.18197802197802213,0.18197802197802213,0.9099999999999999,0.9099999999999999,16,medium,medium,linear
0,0,0,1,0.0,0.118848,0.4222222222222222,0.3600000000000004,0.3600000000000004,0.18197802197802213,0.18197802197802213,0.9099999999999999,0.9099999999999999,17,medium,medium,linear
0,0,0,1,0.0,0.115896,0.4444444444444444,0.3600000000000004,0.3600000000000004,0.18197802197802213,0.18197802197802213,0.9099999999999999,0.9099999999999999,18,medium,medium,linear
0,0,0,0,0.0,0.0,0.5,0.3600000000000004,0.3600000000000004,0.18197802197802213,0.18197802197802213,0.9099999999999999,0.9099999999999999,19,medium,medium,linear
0,0,1,1,0.119712,0.117696,0.5777777777777777,0.3600000000000004,0.3600000000000004,0.18197802197802213,0.18197802197802213,0.9099999999999999,0.9099999999999999,20,medium,medium,linear
0,0,0,0,0.0,0.0,0.36666666666666664,0.3600000000000004,0.3600000000000004,0.18197802197802213,0.18197802197802213,0.9099999999999999,0.9099999999999999,21,medium,medium,linear
0,0,0,0,0.0,0.0,0.5444444444444444,0.3600000000000004,0.3600000000000004,0.18197802197802213,0.18197802197802213,0.9099999999999999,0.9099999999999999,22,medium,medium,linear
0,0,0,0,0.0,0.0,0.5777777777777777,0.3600000000000004,0.3600000000000004,0.18197802197802213,0.18197802197802213,0.9099999999999999,0.9099999999999999,23,medium,medium,linear
0,0,1,0,0.11906399999999999,0.0,0.4777777777777778,0.3600000000000004,0.3600000000000004,0.18197802197802213,0.18197802197802213,0.9099999999999999,0.9099999999999999,24,medium,medium,linear
0,0,1,1,0.11639999999999999,0.11704799999999999,0.5,0.3600000000000004,0.3600000000000004,0.18197802197802213,0.18197802197802213,0.9099999999999999,0.9099999999999999,25,medium,medium,linear
0,0,0,1,0.0,0.11870399999999999,0.4888888888888889,0.3600000000000004,0.3600000000000004,0.18197802197802213,0.18197802197802213,0.9099999999999999,0.9099999999999999,26,medium,medium,linear
0,0,0,0,0.0,0.0,0.5777777777777777,0.3600000000000004,0.3600000000000004,0.18197802197802213,0.18197802197802213,0.9099999999999999,0.9099999999999999,27,medium,medium,linear
0,0,0,0,0.0,0.0,0.5,0.3600000000000004,0.3600000000000004,0.18197802197802213,0.18197802197802213,0.9099999999999999,0.9099999999999999,28,medium,medium,linear
0,0,0,3,0.0,0.350064,0.45555555555555555,0.3600000000000004,0.3600000000000004,0.18197802197802213,0.18197802197802213,0.9099999999999999,0.9099999999999999,29,medium,medium,linear
0,0,0,0,0.0,0.0,0.5111111111111111,0.3600000000000004,0.3600000000000004,0.18197802197802213,0.18197802197802213,0.9099999999999999,0.9099999999999999,30,medium,medium,linear
0,0,0,0,0.0,0.0,0.5666666666666667,0.3600000000000004,0.3600000000000004,0.18197802197802213,0.18197802197802213,0.9099999999999999,0.9099999999999999,31,medium,medium,linear
0,0,0,0,0.0,0.0,0.5,0.3600000000000004,0.3600000000000004,0.18197802197802213,0.18197802197802213,0.9099999999999999,0.9099999999999999,32,medium,medium,linear
0,0,0,0,0.0,0.0,0.5888888888888889,0.3600000000000004,0.3600000000000004,0.18197802197802213,0.18197802197802213,0.9099999999999999,0.9099999999999999,33,medium,medium,linear
1,1,1,1,0.117264,0.118848,0.4888888888888889,0.3600000000000004,0.3600000000000004,0.18197802197802213,0.18197802197802213,0.9099999999999999,0.9099999999999999,34,medium,medium,linear
0,0,0,1,0.0,0.11978399999999999,0.5111111111111111,0.3600000000000004,0.3600000000000004,0.18197802197802213,0.18197802197802213,0.9099999999999999,0.9099999999999999,35,medium,medium,linear
0,0,0,0,0.0,0.0,0.4444444444444444,0.3600000000000004,0.3600000000000004,0.18197802197802213,0.18197802197802213,0.9099999999999999,0.9099999999999999,36,medium,medium,linear
0,0,0,0,0.0,0.0,0.5222222222222223,0.3600000000000004,0.3600000000000004,0.18197802197802213,0.18197802197802213,0.9099999999999999,0.9099999999999999,37,medium,medium,linear
0,0,0,0,0.0,0.0,0.5222222222222223,0.3600000000000004,0.3600000000000004,0.18197802197802213,0.18197802197802213,0.9099999999999999,0.9099999999999999,38,medium,medium,linear
0,0,1,1,0.11812799999999998,0.11877599999999999,0.6,0.3600000000000004,0.3600000000000004,0.18197802197802213,0.18197802197802213,0.9099999999999999,0.9099999999999999,39,medium,medium,linear
0,0,1,0,0.118416,0.0,0.43333333333333335,0.3600000000000004,0.3600000000000004,0.18197802197802213,0.18197802197802213,0.9099999999999999,0.9099999999999999,40,medium,medium,linear
0,0,1,1,0.11877599999999999,0.117696,0.45555555555555555,0.3600000000000004,0.3600000000000004,0.18197802197802213,0.18197802197802213,0.9099999999999999,0.9099999999999999,41,medium,medium,linear
0,0,0,1,0.0,0.117264,0.34444444444444444,0.3600000000000004,0.3600000000000004,0.18197802197802213,0.18197802197802213,0.9099999999999999,0.9099999999999999,42,medium,medium,linear
0,0,1,0,0.117336,0.0,0.4777777777777778,0.3600000000000004,0.3600000000000004,0.18197802197802213,0.18197802197802213,0.9099999999999999,0.9099999999999999,43,medium,medium,linear
0,0,1,0,0.11611199999999999,0.0,0.6222222222222222,0.3600000000000004,0.3600000000000004,0.18197802197802213,0.18197802197802213,0.9099999999999999,0.9099999999999999,44,medium,medium,linear
0,0,0,0,0.0,0.0,0.4777777777777778,0.3600000000000004,0.3600000000000004,0.18197802197802213,0.18197802197802213,0.9099999999999999,0.9099999999999999,45,medium,medium,linear
0,0,0,0,0.0,0.0,0.4888888888888889,0.3600000000000004,0.3600000000000004,0.18197802197802213,0.18197802197802213,0.9099999999999999,0.9099999999999999,46,medium,medium,linear
0,0,0,0,0.0,0.0,0.4666666666666667,0.3600000000000004,0.3600000000000004,0.18197802197802213,0.18197802197802213,0.9099999999999999,0.9099999999999999,47,medium,medium,linear
0,0,0,1,0.0,0.116544,0.4666666666666667,0.3600000000000004,0.3600000000000004,0.18197802197802213,0.18197802197802213,0.9099999999999999,0.9099999999999999,48,medium,medium,linear
0,0,0,0,0.0,0.0,0.5,0.3600000000000004,0.3600000000000004,0.18197802197802213,0.18197802197802213,0.9099999999999999,0.9099999999999999,49,medium,medium,linear
0,0,1,1,0.11582399999999998,0.118272,0.5666666666666667,0.3600000000000004,0.3600000000000004,0.18197802197802213,0.18197802197802213,0.9099999999999999,0.9099999999999999,50,medium,medium,linear
0,0,2,0,0.23510399999999998,0.0,0.7222222222222222,0.3600000000000004,0.3600000000000004,0.18197802197802213,0.18197802197802213,0.9099999999999999,0.9099999999999999,51,medium,medium,linear
0,0,0,0,0.0,0.0,0.45555555555555555,0.3600000000000004,0.3600000000000004,0.18197802197802213,0.18197802197802213,0.9099999999999999,0.9099999999999999,52,medium,medium,linear
1,0,1,0,0.11949599999999999,0.0,0.5555555555555556,0.3600000000000004,0.3600000000000004,0.18197802197802213,0.18197802197802213,0.9099999999999999,0.9099999999999999,53,medium,medium,linear
0,0,0,0,0.0,0.0,0.5222222222222223,0.3600000000000004,0.3600000000000004,0.18197802197802213,0.18197802197802213,0.9099999999999999,0.9099999999999999,54,medium,medium,linear
0,0,0,1,0.0,0.115896,0.5111111111111111,0.3600000000000004,0.3600000000000004,0.18197802197802213,0.18197802197802213,0.9099999999999999,0.9099999999999999,55,medium,medium,linear
0,0,0,0,0.0,0.0,0.4777777777777778,0.3600000000000004,0.3600000000000004,0.18197802197802213,0.18197802197802213,0.9099999999999999,0.9099999999999999,56,medium,medium,linear
0,0,0,0,0.0,0.0,0.5666666666666667,0.3600000000000004,0.3600000000000004,0.18197802197802213,0.18197802197802213,0.9099999999999999,0.9099999999999999,57,medium,medium,linear
1,0,1,0,0.11913599999999999,0.0,0.5666666666666667,0.3600000000000004,0.3600000000000004,0.18197802197802213,0.18197802197802213,0.9099999999999999,0.9099999999999999,58,medium,medium,linear
0,0,0,1,0.0,0.11762399999999999,0.36666666666666664,0.3600000000000004,0.3600000000000004,0.18197802197802213,0.18197802197802213,0.9099999999999999,0.9099999999999999,59,medium,medium,linear
0,0,0,0,0.0,0.0,0.5222222222222223,0.3600000000000004,0.3600000000000004,0.18197802197802213,0.18197802197802213,0.9099999999999999,0.9099999999999999,60,medium,medium,linear
0,0,0,0,0.0,0.0,0.6777777777777778,0.3600000000000004,0.3600000000000004,0.18197802197802213,0.18197802197802213,0.9099999999999999,0.9099999999999999,61,medium,medium,linear
1,0,1,0,0.119208,0.0,0.43333333333333335,0.3600000000000004,0.3600000000000004,0.18197802197802213,0.18197802197802213,0.9099999999999999,0.9099999999999999,62,medium,medium,linear
0,0,0,0,0.0,0.0,0.4777777777777778,0.3600000000000004,0.3600000000000004,0.18197802197802213,0.18197802197802213,0.9099999999999999,0.9099999999999999,63,medium,medium,linear
1,0,3,0,0.35128799999999993,0.0,0.5777777777777777,0.3600000000000004,0.3600000000000004,0.18197802197802213,0.18197802197802213,0.9099999999999999,0.9099999999999999,64,medium,medium,linear
0,0,0,0,0.0,0.0,0.5777777777777777,0.3600000000000004,0.3600000000000004,0.18197802197802213,0.18197802197802213,0.9099999999999999,0.9099999999999999,65,medium,medium,linear
0,0,0,0,0.0,0.0,0.4777777777777778,0.3600000000000004,0.3600000000000004,0.18197802197802213,0.18197802197802213,0.9099999999999999,0.9099999999999999,66,medium,medium,linear
0,0,0,0,0.0,0.0,0.5777777777777777,0.3600000000000004,0.3600000000000004,0.18197802197802213,0.18197802197802213,0.9099999999999999,0.9099999999999999,67,medium,medium,linear
0,1,0,1,0.0,0.11567999999999999,0.5111111111111111,0.3600000000000004,0.3600000000000004,0.18197802197802213,0.18197802197802213,0.9099999999999999,0.9099999999999999,68,medium,medium,linear
0,0,0,0,0.0,0.0,0.7111111111111111,0.3600000000000004,0.3600000000000004,0.18197802197802213,0.18197802197802213,0.9099999999999999,0.9099999999999999,69,medium,medium,linear
0,0,1,0,0.118416,0.0,0.4666666666666667,0.3600000000000004,0.3600000000000004,0.18197802197802213,0.18197802197802213,0.9099999999999999,0.9099999999999999,70,medium,medium,linear
0,0,0,0,0.0,0.0,0.4666666666666667,0.3600000000000004,0.3600000000000004,0.18197802197802213,0.18197802197802213,0.9099999999999999,0.9099999999999999,71,medium,medium,linear
0,1,1,1,0.118416,0.11747999999999999,0.4111111111111111,0.3600000000000004,0.3600000000000004,0.18197802197802213,0.18197802197802213,0.9099999999999999,0.9099999999999999,72,medium,medium,linear
0,0,0,0,0.0,0.0,0.4777777777777778,0.3600000000000004,0.3600000000000004,0.18197802197802213,0.18197802197802213,0.9099999999999999,0.9099999999999999,73,medium,medium,linear
0,0,0,0,0.0,0.0,0.4222222222222222,0.3600000000000004,0.3600000000000004,0.18197802197802213,0.18197802197802213,0.9099999999999999,0.9099999999999999,74,medium,medium,linear
0,0,0,2,0.0,0.2364,0.4777777777777778,0.3600000000000004,0.3600000000000004,0.18197802197802213,0.18197802197802213,0.9099999999999999,0.9099999999999999,75,medium,medium,linear
0,0,0,0,0.0,0.0,0.5555555555555556,0.3600000000000004,0.3600000000000004,0.18197802197802213,0.18197802197802213,0.9099999999999999,0.9099999999999999,76,medium,medium,linear
0,0,0,0,0.0,0.0,0.6111111111111112,0.3600000000000004,0.3600000000000004,0.18197802197802213,0.18197802197802213,0.9099999999999999,0.9099999999999999,77,medium,medium,linear
0,1,0,2,0.0,0.23654399999999998,0.4444444444444444,0.3600000000000004,0.3600000000000004,0.18197802197802213,0.18197802197802213,0.9099999999999999,0.9099999999999999,78,medium,medium,linear
0,0,0,0,0.0,0.0,0.45555555555555555,0.3600000000000004,0.3600000000000004,0.18197802197802213,0.18197802197802213,0.9099999999999999,0.9099999999999999,79,medium,medium,linear
0,0,0,0,0.0,0.0,0.6111111111111112,0.3600000000000004,0.3600000000000004,0.18197802197802213,0.18197802197802213,0.9099999999999999,0.9099999999999999,80,medium,medium,linear
1,0,2,0,0.23755199999999999,0.0,0.5333333333333333,0.3600000000000004,0.3600000000000004,0.18197802197802213,0.18197802197802213,0.9099999999999999,0.9099999999999999,81,medium,medium,linear
0,0,0,0,0.0,0.0,0.5444444444444444,0.3600000000000004,0.3600000000000004,0.18197802197802213,0.18197802197802213,0.9099999999999999,0.9099999999999999,82,medium,medium,linear
0,1,1,2,0.117912,0.23459999999999998,0.45555555555555555,0.3600000000000004,0.3600000000000004,0.18197802197802213,0.18197802197802213,0.9099999999999999,0.9099999999999999,83,medium,medium,linear
0,0,0,0,0.0,0.0,0.6888888888888889,0.3600000000000004,0.3600000000000004,0.18197802197802213,0.18197802197802213,0.9099999999999999,0.9099999999999999,84,medium,medium,linear
0,0,0,0,0.0,0.0,0.5111111111111111,0.3600000000000004,0.3600000000000004,0.18197802197802213,0.18197802197802213,0.9099999999999999,0.9099999999999999,85,medium,medium,linear
0,0,1,0,0.118632,0.0,0.5444444444444444,0.3600000000000004,0.3600000000000004,0.18197802197802213,0.18197802197802213,0.9099999999999999,0.9099999999999999,86,medium,medium,linear
0,0,2,0,0.235464,0.0,0.4888888888888889,0.3600000000000004,0.3600000000000004,0.18197802197802213,0.18197802197802213,0.9099999999999999,0.9099999999999999,87,medium,medium,linear
0,0,0,0,0.0,0.0,0.5111111111111111,0.3600000000000004,0.3600000000000004,0.18197802197802213,0.18197802197802213,0.9099999999999999,0.9099999999999999,88,medium,medium,linear
0,0,0,1,0.0,0.11711999999999999,0.4222222222222222,0.3600000000000004,0.3600000000000004,0.18197802197802213,0.18197802197802213,0.9099999999999999,0.9099999999999999,89,medium,medium,linear
0,0,0,0,0.0,0.0,0.4777777777777778,0.3600000000000004,0.3600000000000004,0.18197802197802213,0.18197802197802213,0.9099999999999999,0.9099999999999999,90,medium,medium,linear
0,0,0,0,0.0,0.0,0.5333333333333333,0.3600000000000004,0.3600000000000004,0.18197802197802213,0.18197802197802213,0.9099999999999999,0.9099999999999999,91,medium,medium,linear
0,0,0,1,0.0,0.118632,0.32222222222222224,0.3600000000000004,0.3600000000000004,0.18197802197802213,0.18197802197802213,0.9099999999999999,0.9099999999999999,92,medium,medium,linear
0,0,0,0,0.0,0.0,0.3888888888888889,0.3600000000000004,0.3600000000000004,0.18197802197802213,0.18197802197802213,0.9099999999999999,0.9099999999999999,93,medium,medium,linear
0,1,0,1,0.0,0.11762399999999999,0.4666666666666667,0.3600000000000004,0.3600000000000004,0.18197802197802213,0.18197802197802213,0.9099999999999999,0.9099999999999999,94,medium,medium,linear
0,0,0,1,0.0,0.11711999999999999,0.5222222222222223,0.3600000000000004,0.3600000000000004,0.18197802197802213,0.18197802197802213,0.9099999999999999,0.9099999999999999,95,medium,medium,linear
0,0,1,0,0.117552,0.0,0.5888888888888889,0.3600000000000004,0.3600000000000004,0.18197802197802213,0.18197802197802213,0.9099999999999999,0.9099999999999999,96,medium,medium,linear
0,0,0,0,0.0,0.0,0.6,0.3600000000000004,0.3600000000000004,0.18197802197802213,0.18197802197802213,0.9099999999999999,0.9099999999999999,97,medium,medium,linear
0,0,0,2,0.0,0.235176,0.4777777777777778,0.3600000000000004,0.3600000000000004,0.18197802197802213,0.18197802197802213,0.9099999999999999,0.9099999999999999,98,medium,medium,linear
0,0,0,1,0.0,0.11877599999999999,0.4777777777777778,0.3600000000000004,0.3600000000000004,0.18197802197802213,0.18197802197802213,0.9099999999999999,0.9099999999999999,99,medium,medium,linear
0,0,0,1,0.0,0.11798399999999999,0.43333333333333335,0.3600000000000004,0.3600000000000004,0.18197802197802213,0.18197802197802213,0.9099999999999999,0.9099999999999999,100,medium,medium,linear
0,0,1,1,0.11762399999999999,0.118056,0.36666666666666664,0.3600000000000004,0.3600000000000004,0.18197802197802213,0.18197802197802213,0.9099999999999999,0.9099999999999999,101,medium,medium,linear
0,0,0,1,0.0,0.11848799999999998,0.4777777777777778,0.3600000000000004,0.3600000000000004,0.18197802197802213,0.18197802197802213,0.9099999999999999,0.9099999999999999,102,medium,medium,linear
0,0,0,1,0.0,0.11848799999999998,0.4888888888888889,0.3600000000000004,0.3600000000000004,0.18197802197802213,0.18197802197802213,0.9099999999999999,0.9099999999999999,103,medium,medium,linear
0,0,1,0,0.11740799999999998,0.0,0.6111111111111112,0.3600000000000004,0.3600000000000004,0.18197802197802213,0.18197802197802213,0.9099999999999999,0.9099999999999999,104,medium,medium,linear
1,0,1,2,0.11668799999999999,0.23424,0.36666666666666664,0.3600000000000004,0.3600000000000004,0.18197802197802213,0.18197802197802213,0.9099999999999999,0.9099999999999999,105,medium,medium,linear
0,0,1,0,0.11632799999999999,0.0,0.4777777777777778,0.3600000000000004,0.3600000000000004,0.18197802197802213,0.18197802197802213,0.9099999999999999,0.9099999999999999,106,medium,medium,linear
0,0,0,0,0.0,0.0,0.6,0.3600000000000004,0.3600000000000004,0.18197802197802213,0.18197802197802213,0.9099999999999999,0.9099999999999999,107,medium,medium,linear
0,0,0,1,0.0,0.11877599999999999,0.5222222222222223,0.3600000000000004,0.3600000000000004,0.18197802197802213,0.18197802197802213,0.9099999999999999,0.9099999999999999,108,medium,medium,linear
0,0,0,1,0.0,0.118056,0.4777777777777778,0.3600000000000004,0.3600000000000004,0.18197802197802213,0.18197802197802213,0.9099999999999999,0.9099999999999999,109,medium,medium,linear
0,0,0,0,0.0,0.0,0.5333333333333333,0.3600000000000004,0.3600000000000004,0.18197802197802213,0.18197802197802213,0.9099999999999999,0.9099999999999999,110,medium,medium,linear
0,0,2,1,0.23366399999999998,0.11711999999999999,0.4666666666666667,0.3600000000000004,0.3600000000000004,0.18197802197802213,0.18197802197802213,0.9099999999999999,0.9099999999999999,111,medium,medium,linear
0,0,0,0,0.0,0.0,0.5,0.3600000000000004,0.3600000000000004,0.18197802197802213,0.18197802197802213,0.9099999999999999,0.9099999999999999,112,medium,medium,linear
0,0,0,0,0.0,0.0,0.43333333333333335,0.3600000000000004,0.3600000000000004,0.18197802197802213,0.18197802197802213,0.9099999999999999,0.9099999999999999,113,medium,medium,linear
0,0,0,1,0.0,0.11740799999999998,0.4222222222222222,0.3600000000000004,0.3600000000000004,0.18197802197802213,0.18197802197802213,0.9099999999999999,0.9099999999999999,114,medium,medium,linear
0,0,0,1,0.0,0.11964,0.4777777777777778,0.3600000000000004,0.3600000000000004,0.18197802197802213,0.18197802197802213,0.9099999999999999,0.9099999999999999,115,medium,medium,linear
0,0,0,0,0.0,0.0,0.5888888888888889,0.3600000000000004,0.3600000000000004,0.18197802197802213,0.18197802197802213,0.9099999999999999,0.9099999999999999,116,medium,medium,linear
0,0,0,0,0.0,0.0,0.5111111111111111,0.3600000000000004,0.3600000000000004,0.18197802197802213,0.18197802197802213,0.9099999999999999,0.9099999999999999,117,medium,medium,linear
0,0,1,1,0.118632,0.11740799999999998,0.5777777777777777,0.3600000000000004,0.3600000000000004,0.18197802197802213,0.18197802197802213,0.9099999999999999,0.9099999999999999,118,medium,medium,linear
0,0,0,0,0.0,0.0,0.3,0.3600000000000004,0.3600000000000004,0.18197802197802213,0.18197802197802213,0.9099999999999999,0.9099999999999999,119,medium,medium,linear
0,0,0,0,0.0,0.0,0.28888888888888886,0.3600000000000004,0.3600000000000004,0.18197802197802213,0.18197802197802213,0.9099999999999999,0.9099999999999999,120,medium,medium,linear
0,0,0,2,0.0,0.23510399999999998,0.4,0.3600000000000004,0.3600000000000004,0.18197802197802213,0.18197802197802213,0.9099999999999999,0.9099999999999999,121,medium,medium,linear
0,0,0,0,0.0,0.0,0.5777777777777777,0.3600000000000004,0.3600000000000004,0.18197802197802213,0.18197802197802213,0.9099999999999999,0.9099999999999999,122,medium,medium,linear
0,0,0,0,0.0,0.0,0.4666666666666667,0.3600000000000004,0.3600000000000004,0.18197802197802213,0.18197802197802213,0.9099999999999999,0.9099999999999999,123,medium,medium,linear
0,0,0,0,0.0,0.0,0.5111111111111111,0.3600000000000004,0.3600000000000004,0.18197802197802213,0.18197802197802213,0.9099999999999999,0.9099999999999999,124,medium,medium,linear
0,0,0,0,0.0,0.0,0.5333333333333333,0.3600000000000004,0.3600000000000004,0.18197802197802213,0.18197802197802213,0.9099999999999999,0.9099999999999999,125,medium,medium,linear
1,0,1,0,0.117552,0.0,0.6333333333333333,0.3600000000000004,0.3600000000000004,0.18197802197802213,0.18197802197802213,0.9099999999999999,0.9099999999999999,126,medium,medium,linear
0,0,1,1,0.119352,0.116544,0.5444444444444444,0.3600000000000004,0.3600000000000004,0.18197802197802213,0.18197802197802213,0.9099999999999999,0.9099999999999999,127,medium,medium,linear
0,0,0,0,0.0,0.0,0.6,0.3600000000000004,0.3600000000000004,0.18197802197802213,0.18197802197802213,0.9099999999999999,0.9099999999999999,128,medium,medium,linear
0,0,0,0,0.0,0.0,0.4888888888888889,0.3600000000000004,0.3600000000000004,0.18197802197802213,0.18197802197802213,0.9099999999999999,0.9099999999999999,129,medium,medium,linear
0,0,0,0,0.0,0.0,0.4777777777777778,0.3600000000000004,0.3600000000000004,0.18197802197802213,0.18197802197802213,0.9099999999999999,0.9099999999999999,130,medium,medium,linear
0,0,0,0,0.0,0.0,0.6,0.3600000000000004,0.3600000000000004,0.18197802197802213,0.18197802197802213,0.9099999999999999,0.9099999999999999,131,medium,medium,linear
0,0,0,0,0.0,0.0,0.4888888888888889,0.3600000000000004,0.3600000000000004,0.18197802197802213,0.18197802197802213,0.9099999999999999,0.9099999999999999,132,medium,medium,linear
0,1,0,1,0.0,0.11942399999999999,0.3,0.3600000000000004,0.3600000000000004,0.18197802197802213,0.18197802197802213,0.9099999999999999,0.9099999999999999,133,medium,medium,linear
0,0,1,0,0.11784,0.0,0.5111111111111111,0.3600000000000004,0.3600000000000004,0.18197802197802213,0.18197802197802213,0.9099999999999999,0.9099999999999999,134,medium,medium,linear
0,0,0,0,0.0,0.0,0.5666666666666667,0.3600000000000004,0.3600000000000004,0.18197802197802213,0.18197802197802213,0.9099999999999999,0.9099999999999999,135,medium,medium,linear
0,0,0,0,0.0,0.0,0.4888888888888889,0.3600000000000004,0.3600000000000004,0.18197802197802213,0.18197802197802213,0.9099999999999999,0.9099999999999999,136,medium,medium,linear
0,0,0,0,0.0,0.0,0.6222222222222222,0.3600000000000004,0.3600000000000004,0.18197802197802213,0.18197802197802213,0.9099999999999999,0.9099999999999999,137,medium,medium,linear
0,0,0,0,0.0,0.0,0.5888888888888889,0.3600000000000004,0.3600000000000004,0.18197802197802213,0.18197802197802213,0.9099999999999999,0.9099999999999999,138,medium,medium,linear
0,0,0,0,0.0,0.0,0.5111111111111111,0.3600000000000004,0.3600000000000004,0.18197802197802213,0.18197802197802213,0.9099999999999999,0.9099999999999999,139,medium,medium,linear
0,0,0,1,0.0,0.11776799999999998,0.4,0.3600000000000004,0.3600000000000004,0.18197802197802213,0.18197802197802213,0.9099999999999999,0.9099999999999999,140,medium,medium,linear
0,0,0,0,0.0,0.0,0.5333333333333333,0.3600000000000004,0.3600000000000004,0.18197802197802213,0.18197802197802213,0.9099999999999999,0.9099999999999999,141,medium,medium,linear
0,0,0,1,0.0,0.11711999999999999,0.36666666666666664,0.3600000000000004,0.3600000000000004,0.18197802197802213,0.18197802197802213,0.9099999999999999,0.9099999999999999,142,medium,medium,linear
0,0,0,1,0.0,0.116184,0.6555555555555556,0.3600000000000004,0.3600000000000004,0.18197802197802213,0.18197802197802213,0.9099999999999999,0.9099999999999999,143,medium,medium,linear
0,0,0,0,0.0,0.0,0.5888888888888889,0.3600000000000004,0.3600000000000004,0.18197802197802213,0.18197802197802213,0.9099999999999999,0.9099999999999999,144,medium,medium,linear
0,0,0,0,0.0,0.0,0.5555555555555556,0.3600000000000004,0.3600000000000004,0.18197802197802213,0.18197802197802213,0.9099999999999999,0.9099999999999999,145,medium,medium,linear
0,0,0,1,0.0,0.11913599999999999,0.36666666666666664,0.3600000000000004,0.3600000000000004,0.18197802197802213,0.18197802197802213,0.9099999999999999,0.9099999999999999,146,medium,medium,linear
0,0,0,0,0.0,0.0,0.5555555555555556,0.3600000000000004,0.3600000000000004,0.18197802197802213,0.18197802197802213,0.9099999999999999,0.9099999999999999,147,medium,medium,linear
0,0,0,1,0.0,0.119712,0.4777777777777778,0.3600000000000004,0.3600000000000004,0.18197802197802213,0.18197802197802213,0.9099999999999999,0.9099999999999999,148,medium,medium,linear
0,0,0,0,0.0,0.0,0.7111111111111111,0.3600000000000004,0.3600000000000004,0.18197802197802213,0.18197802197802213,0.9099999999999999,0.9099999999999999,149,medium,medium,linear
1,0,2,0,0.23546399999999998,0.0,0.5888888888888889,0.3600000000000004,0.3600000000000004,0.18197802197802213,0.18197802197802213,0.9099999999999999,0.9099999999999999,150,medium,medium,linear
0,0,0,0,0.0,0.0,0.5222222222222223,0.3600000000000004,0.3600000000000004,0.18197802197802213,0.18197802197802213,0.9099999999999999,0.9099999999999999,151,medium,medium,linear
0,0,1,0,0.11784,0.0,0.4777777777777778,0.3600000000000004,0.3600000000000004,0.18197802197802213,0.18197802197802213,0.9099999999999999,0.9099999999999999,152,medium,medium,linear
0,0,1,0,0.11711999999999999,0.0,0.5666666666666667,0.3600000000000004,0.3600000000000004,0.18197802197802213,0.18197802197802213,0.9099999999999999,0.9099999999999999,153,medium,medium,linear
0,0,0,0,0.0,0.0,0.5777777777777777,0.3600000000000004,0.3600000000000004,0.18197802197802213,0.18197802197802213,0.9099999999999999,0.9099999999999999,154,medium,medium,linear
0,0,0,0,0.0,0.0,0.7333333333333333,0.3600000000000004,0.3600000000000004,0.18197802197802213,0.18197802197802213,0.9099999999999999,0.9099999999999999,155,medium,medium,linear
0,0,0,0,0.0,0.0,0.4222222222222222,0.3600000000000004,0.3600000000000004,0.18197802197802213,0.18197802197802213,0.9099999999999999,0.9099999999999999,156,medium,medium,linear
0,0,0,0,0.0,0.0,0.4111111111111111,0.3600000000000004,0.3600000000000004,0.18197802197802213,0.18197802197802213,0.9099999999999999,0.9099999999999999,157,medium,medium,linear
0,0,0,0,0.0,0.0,0.4,0.3600000000000004,0.3600000000000004,0.18197802197802213,0.18197802197802213,0.9099999999999999,0.9099999999999999,158,medium,medium,linear
0,0,0,1,0.0,0.11877599999999999,0.43333333333333335,0.3600000000000004,0.3600000000000004,0.18197802197802213,0.18197802197802213,0.9099999999999999,0.9099999999999999,159,medium,medium,linear
0,0,0,1,0.0,0.11870399999999999,0.5333333333333333,0.3600000000000004,0.3600000000000004,0.18197802197802213,0.18197802197802213,0.9099999999999999,0.9099999999999999,160,medium,medium,linear
0,0,0,0,0.0,0.0,0.4888888888888889,0.3600000000000004,0.3600000000000004,0.18197802197802213,0.18197802197802213,0.9099999999999999,0.9099999999999999,161,medium,medium,linear
0,0,0,0,0.0,0.0,0.5555555555555556,0.3600000000000004,0.3600000000000004,0.18197802197802213,0.18197802197802213,0.9099999999999999,0.9099999999999999,162,medium,medium,linear
0,0,0,0,0.0,0.0,0.5,0.3600000000000004,0.3600000000000004,0.18197802197802213,0.18197802197802213,0.9099999999999999,0.9099999999999999,163,medium,medium,linear
0,0,0,1,0.0,0.117912,0.3888888888888889,0.3600000000000004,0.3600000000000004,0.18197802197802213,0.18197802197802213,0.9099999999999999,0.9099999999999999,164,medium,medium,linear
0,0,0,0,0.0,0.0,0.6333333333333333,0.3600000000000004,0.3600000000000004,0.18197802197802213,0.18197802197802213,0.9099999999999999,0.9099999999999999,165,medium,medium,linear
0,0,0,1,0.0,0.11668799999999999,0.5222222222222223,0.3600000000000004,0.3600000000000004,0.18197802197802213,0.18197802197802213,0.9099999999999999,0.9099999999999999,166,medium,medium,linear
0,0,0,0,0.0,0.0,0.4666666666666667,0.3600000000000004,0.3600000000000004,0.18197802197802213,0.18197802197802213,0.9099999999999999,0.9099999999999999,167,medium,medium,linear
0,0,0,1,0.0,0.11740799999999998,0.4888888888888889,0.3600000000000004,0.3600000000000004,0.18197802197802213,0.18197802197802213,0.9099999999999999,0.9099999999999999,168,medium,medium,linear
0,0,0,0,0.0,0.0,0.5333333333333333,0.3600000000000004,0.3600000000000004,0.18197802197802213,0.18197802197802213,0.9099999999999999,0.9099999999999999,169,medium,medium,linear
0,0,0,0,0.0,0.0,0.3888888888888889,0.3600000000000004,0.3600000000000004,0.18197802197802213,0.18197802197802213,0.9099999999999999,0.9099999999999999,170,medium,medium,linear
0,0,0,0,0.0,0.0,0.4444444444444444,0.3600000000000004,0.3600000000000004,0.18197802197802213,0.18197802197802213,0.9099999999999999,0.9099999999999999,171,medium,medium,linear
0,0,0,1,0.0,0.11747999999999999,0.4888888888888889,0.3600000000000004,0.3600000000000004,0.18197802197802213,0.18197802197802213,0.9099999999999999,0.9099999999999999,172,medium,medium,linear
0,0,0,0,0.0,0.0,0.5222222222222223,0.3600000000000004,0.3600000000000004,0.18197802197802213,0.18197802197802213,0.9099999999999999,0.9099999999999999,173,medium,medium,linear
0,0,0,3,0.0,0.35244,0.4444444444444444,0.3600000000000004,0.3600000000000004,0.18197802197802213,0.18197802197802213,0.9099999999999999,0.9099999999999999,174,medium,medium,linear
1,0,2,0,0.235968,0.0,0.7333333333333333,0.3600000000000004,0.3600000000000004,0.18197802197802213,0.18197802197802213,0.9099999999999999,0.9099999999999999,175,medium,medium,linear
0,0,0,0,0.0,0.0,0.5777777777777777,0.3600000000000004,0.3600000000000004,0.18197802197802213,0.18197802197802213,0.9099999999999999,0.9099999999999999,176,medium,medium,linear
0,0,0,0,0.0,0.0,0.43333333333333335,0.3600000000000004,0.3600000000000004,0.18197802197802213,0.18197802197802213,0.9099999999999999,0.9099999999999999,177,medium,medium,linear
0,0,1,1,0.117192,0.11675999999999999,0.5111111111111111,0.3600000000000004,0.3600000000000004,0.18197802197802213,0.18197802197802213,0.9099999999999999,0.9099999999999999,178,medium,medium,linear
0,0,1,0,0.117264,0.0,0.5666666666666667,0.3600000000000004,0.3600000000000004,0.18197802197802213,0.18197802197802213,0.9099999999999999,0.9099999999999999,179,medium,medium,linear
0,0,1,0,0.116976,0.0,0.4666666666666667,0.3600000000000004,0.3600000000000004,0.18197802197802213,0.18197802197802213,0.9099999999999999,0.9099999999999999,180,medium,medium,linear
0,0,0,0,0.0,0.0,0.4666666666666667,0.3600000000000004,0.3600000000000004,0.18197802197802213,0.18197802197802213,0.9099999999999999,0.9099999999999999,181,medium,medium,linear
0,0,0,0,0.0,0.0,0.45555555555555555,0.3600000000000004,0.3600000000000004,0.18197802197802213,0.18197802197802213,0.9099999999999999,0.9099999999999999,182,medium,medium,linear
0,0,0,1,0.0,0.118056,0.45555555555555555,0.3600000000000004,0.3600000000000004,0.18197802197802213,0.18197802197802213,0.9099999999999999,0.9099999999999999,183,medium,medium,linear
0,0,0,1,0.0,0.11949599999999999,0.4111111111111111,0.3600000000000004,0.3600000000000004,0.18197802197802213,0.18197802197802213,0.9099999999999999,0.9099999999999999,184,medium,medium,linear
0,0,1,0,0.11683199999999999,0.0,0.36666666666666664,0.3600000000000004,0.3600000000000004,0.18197802197802213,0.18197802197802213,0.9099999999999999,0.9099999999999999,185,medium,medium,linear
0,0,0,1,0.0,0.119856,0.4666666666666667,0.3600000000000004,0.3600000000000004,0.18197802197802213,0.18197802197802213,0.9099999999999999,0.9099999999999999,186,medium,medium,linear
0,1,1,1,0.11906399999999999,0.116256,0.4,0.3600000000000004,0.3600000000000004,0.18197802197802213,0.18197802197802213,0.9099999999999999,0.9099999999999999,187,medium,medium,linear
0,0,1,1,0.118416,0.116616,0.6555555555555556,0.3600000000000004,0.3600000000000004,0.18197802197802213,0.18197802197802213,0.9099999999999999,0.9099999999999999,188,medium,medium,linear
0,0,1,0,0.11834399999999999,0.0,0.6222222222222222,0.3600000000000004,0.3600000000000004,0.18197802197802213,0.18197802197802213,0.9099999999999999,0.9099999999999999,189,medium,medium,linear
0,0,0,0,0.0,0.0,0.6666666666666666,0.3600000000000004,0.3600000000000004,0.18197802197802213,0.18197802197802213,0.9099999999999999,0.9099999999999999,190,medium,medium,linear
0,0,0,0,0.0,0.0,0.4111111111111111,0.3600000000000004,0.3600000000000004,0.18197802197802213,0.18197802197802213,0.9099999999999999,0.9099999999999999,191,medium,medium,linear
0,0,0,0,0.0,0.0,0.7,0.3600000000000004,0.3600000000000004,0.18197802197802213,0.18197802197802213,0.9099999999999999,0.9099999999999999,192,medium,medium,linear
0,0,0,0,0.0,0.0,0.4,0.3600000000000004,0.3600000000000004,0.18197802197802213,0.18197802197802213,0.9099999999999999,0.9099999999999999,193,medium,medium,linear
0,0,1,0,0.116184,0.0,0.6444444444444445,0.3600000000000004,0.3600000000000004,0.18197802197802213,0.18197802197802213,0.9099999999999999,0.9099999999999999,194,medium,medium,linear
0,0,0,3,0.0,0.35675999999999997,0.3111111111111111,0.3600000000000004,0.3600000000000004,0.18197802197802213,0.18197802197802213,0.9099999999999999,0.9099999999999999,195,medium,medium,linear
0,0,0,1,0.0,0.11611199999999999,0.4666666666666667,0.3600000000000004,0.3600000000000004,0.18197802197802213,0.18197802197802213,0.9099999999999999,0.9099999999999999,196,medium,medium,linear
0,0,0,0,0.0,0.0,0.45555555555555555,0.3600000000000004,0.3600000000000004,0.18197802197802213,0.18197802197802213,0.9099999999999999,0.9099999999999999,197,medium,medium,linear
0,0,0,0,0.0,0.0,0.5,0.3600000000000004,0.3600000000000004,0.18197802197802213,0.18197802197802213,0.9099999999999999,0.9099999999999999,198,medium,medium,linear
0,0,1,0,0.11856,0.0,0.6666666666666666,0.3600000000000004,0.3600000000000004,0.18197802197802213,0.18197802197802213,0.9099999999999999,0.9099999999999999,199,medium,medium,linear
0,0,1,0,0.118272,0.0,0.45555555555555555,0.3600000000000004,0.3600000000000004,0.18197802197802213,0.18197802197802213,0.9099999999999999,0.9099999999999999,200,medium,medium,linear
0,0,0,0,0.0,0.0,0.4444444444444444,0.3600000000000004,0.3600000000000004,0.18197802197802213,0.18197802197802213,0.9099999999999999,0.9099999999999999,201,medium,medium,linear
1,0,1,0,0.11949599999999999,0.0,0.45555555555555555,0.3600000000000004,0.3600000000000004,0.18197802197802213,0.18197802197802213,0.9099999999999999,0.9099999999999999,202,medium,medium,linear
0,0,0,0,0.0,0.0,0.6,0.3600000000000004,0.3600000000000004,0.18197802197802213,0.18197802197802213,0.9099999999999999,0.9099999999999999,203,medium,medium,linear
0,0,1,0,0.11812799999999998,0.0,0.5444444444444444,0.3600000000000004,0.3600000000000004,0.18197802197802213,0.18197802197802213,0.9099999999999999,0.9099999999999999,204,medium,medium,linear
1,1,1,1,0.11848799999999998,0.117336,0.6555555555555556,0.3600000000000004,0.3600000000000004,0.18197802197802213,0.18197802197802213,0.9099999999999999,0.9099999999999999,205,medium,medium,linear
0,0,0,1,0.0,0.11762399999999999,0.4111111111111111,0.3600000000000004,0.3600000000000004,0.18197802197802213,0.18197802197802213,0.9099999999999999,0.9099999999999999,206,medium,medium,linear
0,0,0,0,0.0,0.0,0.5333333333333333,0.3600000000000004,0.3600000000000004,0.18197802197802213,0.18197802197802213,0.9099999999999999,0.9099999999999999,207,medium,medium,linear
0,0,0,0,0.0,0.0,0.4,0.3600000000000004,0.3600000000000004,0.18197802197802213,0.18197802197802213,0.9099999999999999,0.9099999999999999,208,medium,medium,linear
0,0,0,0,0.0,0.0,0.5555555555555556,0.3600000000000004,0.3600000000000004,0.18197802197802213,0.18197802197802213,0.9099999999999999,0.9099999999999999,209,medium,medium,linear
0,0,0,0,0.0,0.0,0.7333333333333333,0.3600000000000004,0.3600000000000004,0.18197802197802213,0.18197802197802213,0.9099999999999999,0.9099999999999999,210,medium,medium,linear
0,0,0,0,0.0,0.0,0.5888888888888889,0.3600000000000004,0.3600000000000004,0.18197802197802213,0.18197802197802213,0.9099999999999999,0.9099999999999999,211,medium,medium,linear
0,0,1,0,0.11647199999999999,0.0,0.5333333333333333,0.3600000000000004,0.3600000000000004,0.18197802197802213,0.18197802197802213,0.9099999999999999,0.9099999999999999,212,medium,medium,linear
0,0,0,1,0.0,0.11848799999999998,0.5,0.3600000000000004,0.3600000000000004,0.18197802197802213,0.18197802197802213,0.9099999999999999,0.9099999999999999,213,medium,medium,linear
0,0,0,0,0.0,0.0,0.5666666666666667,0.3600000000000004,0.3600000000000004,0.18197802197802213,0.18197802197802213,0.9099999999999999,0.9099999999999999,214,medium,medium,linear
0,0,1,0,0.11978399999999999,0.0,0.5,0.3600000000000004,0.3600000000000004,0.18197802197802213,0.18197802197802213,0.9099999999999999,0.9099999999999999,215,medium,medium,linear
0,0,0,2,0.0,0.23243999999999998,0.5555555555555556,0.3600000000000004,0.3600000000000004,0.18197802197802213,0.18197802197802213,0.9099999999999999,0.9099999999999999,216,medium,medium,linear
0,0,0,1,0.0,0.118416,0.45555555555555555,0.3600000000000004,0.3600000000000004,0.18197802197802213,0.18197802197802213,0.9099999999999999,0.9099999999999999,217,medium,medium,linear
0,0,0,1,0.0,0.11964,0.5666666666666667,0.3600000000000004,0.3600000000000004,0.18197802197802213,0.18197802197802213,0.9099999999999999,0.9099999999999999,218,medium,medium,linear
0,0,0,1,0.0,0.118272,0.3111111111111111,0.3600000000000004,0.3600000000000004,0.18197802197802213,0.18197802197802213,0.9099999999999999,0.9099999999999999,219,medium,medium,linear
0,0,1,0,0.11812799999999998,0.0,0.36666666666666664,0.3600000000000004,0.3600000000000004,0.18197802197802213,0.18197802197802213,0.9099999999999999,0.9099999999999999,220,medium,medium,linear
0,1,0,4,0.0,0.46999199999999997,0.4777777777777778,0.3600000000000004,0.3600000000000004,0.18197802197802213,0.18197802197802213,0.9099999999999999,0.9099999999999999,221,medium,medium,linear
0,0,0,1,0.0,0.118416,0.5111111111111111,0.3600000000000004,0.3600000000000004,0.18197802197802213,0.18197802197802213,0.9099999999999999,0.9099999999999999,222,medium,medium,linear
0,0,0,0,0.0,0.0,0.4222222222222222,0.3600000000000004,0.3600000000000004,0.18197802197802213,0.18197802197802213,0.9099999999999999,0.9099999999999999,223,medium,medium,linear
0,0,0,0,0.0,0.0,0.5,0.3600000000000004,0.3600000000000004,0.18197802197802213,0.18197802197802213,0.9099999999999999,0.9099999999999999,224,medium,medium,linear
0,0,0,0,0.0,0.0,0.45555555555555555,0.3600000000000004,0.3600000000000004,0.18197802197802213,0.18197802197802213,0.9099999999999999,0.9099999999999999,225,medium,medium,linear
1,0,1,0,0.11892,0.0,0.5333333333333333,0.3600000000000004,0.3600000000000004,0.18197802197802213,0.18197802197802213,0.9099999999999999,0.9099999999999999,226,medium,medium,linear
0,0,0,0,0.0,0.0,0.5222222222222223,0.3600000000000004,0.3600000000000004,0.18197802197802213,0.18197802197802213,0.9099999999999999,0.9099999999999999,227,medium,medium,linear
0,0,0,0,0.0,0.0,0.5888888888888889,0.3600000000000004,0.3600000000000004,0.18197802197802213,0.18197802197802213,0.9099999999999999,0.9099999999999999,228,medium,medium,linear
0,0,0,1,0.0,0.1182,0.5111111111111111,0.3600000000000004,0.3600000000000004,0.18197802197802213,0.18197802197802213,0.9099999999999999,0.9099999999999999,229,medium,medium,linear
0,0,0,1,0.0,0.119352,0.45555555555555555,0.3600000000000004,0.3600000000000004,0.18197802197802213,0.18197802197802213,0.9099999999999999,0.9099999999999999,230,medium,medium,linear
0,0,0,0,0.0,0.0,0.34444444444444444,0.3600000000000004,0.3600000000000004,0.18197802197802213,0.18197802197802213,0.9099999999999999,0.9099999999999999,231,medium,medium,linear
0,0,0,0,0.0,0.0,0.5,0.3600000000000004,0.3600000000000004,0.18197802197802213,0.18197802197802213,0.9099999999999999,0.9099999999999999,232,medium,medium,linear
0,0,0,0,0.0,0.0,0.5111111111111111,0.3600000000000004,0.3600000000000004,0.18197802197802213,0.18197802197802213,0.9099999999999999,0.9099999999999999,233,medium,medium,linear
0,0,0,2,0.0,0.237336,0.4666666666666667,0.3600000000000004,0.3600000000000004,0.18197802197802213,0.18197802197802213,0.9099999999999999,0.9099999999999999,234,medium,medium,linear
0,0,0,0,0.0,0.0,0.5777777777777777,0.3600000000000004,0.3600000000000004,0.18197802197802213,0.18197802197802213,0.9099999999999999,0.9099999999999999,235,medium,medium,linear
0,0,0,0,0.0,0.0,0.34444444444444444,0.3600000000000004,0.3600000000000004,0.18197802197802213,0.18197802197802213,0.9099999999999999,0.9099999999999999,236,medium,medium,linear
0,0,0,1,0.0,0.11848799999999998,0.37777777777777777,0.3600000000000004,0.3600000000000004,0.18197802197802213,0.18197802197802213,0.9099999999999999,0.9099999999999999,237,medium,medium,linear
0,0,0,0,0.0,0.0,0.4,0.3600000000000004,0.3600000000000004,0.18197802197802213,0.18197802197802213,0.9099999999999999,0.9099999999999999,238,medium,medium,linear
0,0,1,0,0.11949599999999999,0.0,0.6333333333333333,0.3600000000000004,0.3600000000000004,0.18197802197802213,0.18197802197802213,0.9099999999999999,0.9099999999999999,239,medium,medium,linear
0,0,1,0,0.11906399999999999,0.0,0.5222222222222223,0.3600000000000004,0.3600000000000004,0.18197802197802213,0.18197802197802213,0.9099999999999999,0.9099999999999999,240,medium,medium,linear
0,0,0,1,0.0,0.118416,0.35555555555555557,0.3600000000000004,0.3600000000000004,0.18197802197802213,0.18197802197802213,0.9099999999999999,0.9099999999999999,241,medium,medium,linear
0,0,0,0,0.0,0.0,0.6222222222222222,0.3600000000000004,0.3600000000000004,0.18197802197802213,0.18197802197802213,0.9099999999999999,0.9099999999999999,242,medium,medium,linear
0,0,0,0,0.0,0.0,0.34444444444444444,0.3600000000000004,0.3600000000000004,0.18197802197802213,0.18197802197802213,0.9099999999999999,0.9099999999999999,243,medium,medium,linear
0,0,0,0,0.0,0.0,0.4666666666666667,0.3600000000000004,0.3600000000000004,0.18197802197802213,0.18197802197802213,0.9099999999999999,0.9099999999999999,244,medium,medium,linear
0,0,0,1,0.0,0.116544,0.5111111111111111,0.3600000000000004,0.3600000000000004,0.18197802197802213,0.18197802197802213,0.9099999999999999,0.9099999999999999,245,medium,medium,linear
0,1,0,2,0.0,0.23438399999999998,0.4111111111111111,0.3600000000000004,0.3600000000000004,0.18197802197802213,0.18197802197802213,0.9099999999999999,0.9099999999999999,246,medium,medium,linear
0,0,0,0,0.0,0.0,0.45555555555555555,0.3600000000000004,0.3600000000000004,0.18197802197802213,0.18197802197802213,0.9099999999999999,0.9099999999999999,247,medium,medium,linear
0,0,0,0,0.0,0.0,0.37777777777777777,0.3600000000000004,0.3600000000000004,0.18197802197802213,0.18197802197802213,0.9099999999999999,0.9099999999999999,248,medium,medium,linear
0,0,0,0,0.0,0.0,0.5666666666666667,0.3600000000000004,0.3600000000000004,0.18197802197802213,0.18197802197802213,0.9099999999999999,0.9099999999999999,249,medium,medium,linear
0,0,0,0,0.0,0.0,0.4888888888888889,0.3600000000000004,0.3600000000000004,0.18197802197802213,0.18197802197802213,0.9099999999999999,0.9099999999999999,250,medium,medium,linear
0,0,0,0,0.0,0.0,0.5444444444444444,0.3600000000000004,0.3600000000000004,0.18197802197802213,0.18197802197802213,0.9099999999999999,0.9099999999999999,251,medium,medium,linear
0,0,0,0,0.0,0.0,0.5111111111111111,0.3600000000000004,0.3600000000000004,0.18197802197802213,0.18197802197802213,0.9099999999999999,0.9099999999999999,252,medium,medium,linear
0,0,0,0,0.0,0.0,0.6777777777777778,0.3600000000000004,0.3600000000000004,0.18197802197802213,0.18197802197802213,0.9099999999999999,0.9099999999999999,253,medium,medium,linear
0,0,0,0,0.0,0.0,0.4111111111111111,0.3600000000000004,0.3600000000000004,0.18197802197802213,0.18197802197802213,0.9099999999999999,0.9099999999999999,254,medium,medium,linear
0,0,0,1,0.0,0.117696,0.5333333333333333,0.3600000000000004,0.3600000000000004,0.18197802197802213,0.18197802197802213,0.9099999999999999,0.9099999999999999,255,medium,medium,linear
0,0,0,0,0.0,0.0,0.45555555555555555,0.3600000000000004,0.3600000000000004,0.18197802197802213,0.18197802197802213,0.9099999999999999,0.9099999999999999,256,medium,medium,linear
0,0,0,0,0.0,0.0,0.5111111111111111,0.3600000000000004,0.3600000000000004,0.18197802197802213,0.18197802197802213,0.9099999999999999,0.9099999999999999,257,medium,medium,linear
2,0,2,0,0.235896,0.0,0.5222222222222223,0.3600000000000004,0.3600000000000004,0.18197802197802213,0.18197802197802213,0.9099999999999999,0.9099999999999999,258,medium,medium,linear
0,0,0,0,0.0,0.0,0.5555555555555556,0.3600000000000004,0.3600000000000004,0.18197802197802213,0.18197802197802213,0.9099999999999999,0.9099999999999999,259,medium,medium,linear
0,0,2,0,0.23560799999999998,0.0,0.6111111111111112,0.3600000000000004,0.3600000000000004,0.18197802197802213,0.18197802197802213,0.9099999999999999,0.9099999999999999,260,medium,medium,linear
0,0,0,1,0.0,0.116904,0.36666666666666664,0.3600000000000004,0.3600000000000004,0.18197802197802213,0.18197802197802213,0.9099999999999999,0.9099999999999999,261,medium,medium,linear
0,0,0,0,0.0,0.0,0.4888888888888889,0.3600000000000004,0.3600000000000004,0.18197802197802213,0.18197802197802213,0.9099999999999999,0.9099999999999999,262,medium,medium,linear
0,0,1,0,0.117552,0.0,0.5444444444444444,0.3600000000000004,0.3600000000000004,0.18197802197802213,0.18197802197802213,0.9099999999999999,0.9099999999999999,263,medium,medium,linear
0,0,0,0,0.0,0.0,0.4111111111111111,0.3600000000000004,0.3600000000000004,0.18197802197802213,0.18197802197802213,0.9099999999999999,0.9099999999999999,264,medium,medium,linear
0,0,0,0,0.0,0.0,0.4666666666666667,0.3600000000000004,0.3600000000000004,0.18197802197802213,0.18197802197802213,0.9099999999999999,0.9099999999999999,265,medium,medium,linear
0,0,0,0,0.0,0.0,0.6111111111111112,0.3600000000000004,0.3600000000000004,0.18197802197802213,0.18197802197802213,0.9099999999999999,0.9099999999999999,266,medium,medium,linear
0,0,0,1,0.0,0.118272,0.45555555555555555,0.3600000000000004,0.3600000000000004,0.18197802197802213,0.18197802197802213,0.9099999999999999,0.9099999999999999,267,medium,medium,linear
0,1,0,2,0.0,0.235896,0.3111111111111111,0.3600000000000004,0.3600000000000004,0.18197802197802213,0.18197802197802213,0.9099999999999999,0.9099999999999999,268,medium,medium,linear
0,0,0,0,0.0,0.0,0.4444444444444444,0.3600000000000004,0.3600000000000004,0.18197802197802213,0.18197802197802213,0.9099999999999999,0.9099999999999999,269,medium,medium,linear
0,0,1,0,0.115752,0.0,0.6555555555555556,0.3600000000000004,0.3600000000000004,0.18197802197802213,0.18197802197802213,0.9099999999999999,0.9099999999999999,270,medium,medium,linear
0,0,0,0,0.0,0.0,0.6777777777777778,0.3600000000000004,0.3600000000000004,0.18197802197802213,0.18197802197802213,0.9099999999999999,0.9099999999999999,271,medium,medium,linear
0,0,0,1,0.0,0.11711999999999999,0.5777777777777777,0.3600000000000004,0.3600000000000004,0.18197802197802213,0.18197802197802213,0.9099999999999999,0.9099999999999999,272,medium,medium,linear
0,0,0,1,0.0,0.117912,0.45555555555555555,0.3600000000000004,0.3600000000000004,0.18197802197802213,0.18197802197802213,0.9099999999999999,0.9099999999999999,273,medium,medium,linear
0,0,0,1,0.0,0.118272,0.4,0.3600000000000004,0.3600000000000004,0.18197802197802213,0.18197802197802213,0.9099999999999999,0.9099999999999999,274,medium,medium,linear
0,0,3,0,0.35697599999999996,0.0,0.5444444444444444,0.3600000000000004,0.3600000000000004,0.18197802197802213,0.18197802197802213,0.9099999999999999,0.9099999999999999,275,medium,medium,linear
0,0,0,0,0.0,0.0,0.5666666666666667,0.3600000000000004,0.3600000000000004,0.18197802197802213,0.18197802197802213,0.9099999999999999,0.9099999999999999,276,medium,medium,linear
0,0,0,0,0.0,0.0,0.4666666666666667,0.3600000000000004,0.3600000000000004,0.18197802197802213,0.18197802197802213,0.9099999999999999,0.9099999999999999,277,medium,medium,linear
0,0,1,0,0.11848799999999998,0.0,0.5333333333333333,0.3600000000000004,0.3600000000000004,0.18197802197802213,0.18197802197802213,0.9099999999999999,0.9099999999999999,278,medium,medium,linear
0,1,0,1,0.0,0.11567999999999999,0.5444444444444444,0.3600000000000004,0.3600000000000004,0.18197802197802213,0.18197802197802213,0.9099999999999999,0.9099999999999999,279,medium,medium,linear
0,0,1,0,0.117336,0.0,0.5333333333333333,0.3600000000000004,0.3600000000000004,0.18197802197802213,0.18197802197802213,0.9099999999999999,0.9099999999999999,280,medium,medium,linear
0,0,0,0,0.0,0.0,0.4222222222222222,0.3600000000000004,0.3600000000000004,0.18197802197802213,0.18197802197802213,0.9099999999999999,0.9099999999999999,281,medium,medium,linear
0,0,0,0,0.0,0.0,0.5777777777777777,0.3600000000000004,0.3600000000000004,0.18197802197802213,0.18197802197802213,0.9099999999999999,0.9099999999999999,282,medium,medium,linear
0,0,0,2,0.0,0.23560799999999998,0.5,0.3600000000000004,0.3600000000000004,0.18197802197802213,0.18197802197802213,0.9099999999999999,0.9099999999999999,283,medium,medium,linear
0,0,0,1,0.0,0.117264,0.5888888888888889,0.3600000000000004,0.3600000000000004,0.18197802197802213,0.18197802197802213,0.9099999999999999,0.9099999999999999,284,medium,medium,linear
0,0,1,0,0.118272,0.0,0.7,0.3600000000000004,0.3600000000000004,0.18197802197802213,0.18197802197802213,0.9099999999999999,0.9099999999999999,285,medium,medium,linear
0,0,1,0,0.11870399999999999,0.0,0.4888888888888889,0.3600000000000004,0.3600000000000004,0.18197802197802213,0.18197802197802213,0.9099999999999999,0.9099999999999999,286,medium,medium,linear
0,0,0,0,0.0,0.0,0.4,0.3600000000000004,0.3600000000000004,0.18197802197802213,0.18197802197802213,0.9099999999999999,0.9099999999999999,287,medium,medium,linear
0,0,0,0,0.0,0.0,0.37777777777777777,0.3600000000000004,0.3600000000000004,0.18197802197802213,0.18197802197802213,0.9099999999999999,0.9099999999999999,288,medium,medium,linear
0,0,1,0,0.11683199999999999,0.0,0.4888888888888889,0.3600000000000004,0.3600000000000004,0.18197802197802213,0.18197802197802213,0.9099999999999999,0.9099999999999999,289,medium,medium,linear
0,1,0,1,0.0,0.116904,0.4111111111111111,0.3600000000000004,0.3600000000000004,0.18197802197802213,0.18197802197802213,0.9099999999999999,0.9099999999999999,290,medium,medium,linear
0,0,0,0,0.0,0.0,0.4111111111111111,0.3600000000000004,0.3600000000000004,0.18197802197802213,0.18197802197802213,0.9099999999999999,0.9099999999999999,291,medium,medium,linear
0,0,1,0,0.11611199999999999,0.0,0.5444444444444444,0.3600000000000004,0.3600000000000004,0.18197802197802213,0.18197802197802213,0.9099999999999999,0.9099999999999999,292,medium,medium,linear
0,0,0,0,0.0,0.0,0.4666666666666667,0.3600000000000004,0.3600000000000004,0.18197802197802213,0.18197802197802213,0.9099999999999999,0.9099999999999999,293,medium,medium,linear
0,0,0,0,0.0,0.0,0.4777777777777778,0.3600000000000004,0.3600000000000004,0.18197802197802213,0.18197802197802213,0.9099999999999999,0.9099999999999999,294,medium,medium,linear
0,0,0,0,0.0,0.0,0.5,0.3600000000000004,0.3600000000000004,0.18197802197802213,0.18197802197802213,0.9099999999999999,0.9099999999999999,295,medium,medium,linear
0,0,0,0,0.0,0.0,0.5555555555555556,0.3600000000000004,0.3600000000000004,0.18197802197802213,0.18197802197802213,0.9099999999999999,0.9099999999999999,296,medium,medium,linear
0,0,0,0,0.0,0.0,0.7666666666666667,0.3600000000000004,0.3600000000000004,0.18197802197802213,0.18197802197802213,0.9099999999999999,0.9099999999999999,297,medium,medium,linear
0,0,1,1,0.11964,0.117696,0.4888888888888889,0.3600000000000004,0.3600000000000004,0.18197802197802213,0.18197802197802213,0.9099999999999999,0.9099999999999999,298,medium,medium,linear
0,0,0,0,0.0,0.0,0.4222222222222222,0.3600000000000004,0.3600000000000004,0.18197802197802213,0.18197802197802213,0.9099999999999999,0.9099999999999999,299,medium,medium,linear
0,0,0,0,0.0,0.0,0.6,0.6300000000000006,0.3600000000000004,0.3184615384615387,0.18197802197802213,1.0531249999999996,0.9099999999999999,0,high,medium,linear
0,0,0,0,0.0,0.0,0.6222222222222222,0.6300000000000006,0.3600000000000004,0.3184615384615387,0.18197802197802213,1.0531249999999996,0.9099999999999999,1,high,medium,linear
0,0,2,2,0.22941599999999998,0.225498166875,0.6555555555555556,0.6300000000000006,0.3600000000000004,0.3184615384615387,0.18197802197802213,1.0531249999999996,0.9099999999999999,2,high,medium,linear
0,0,1,0,0.11838,0.0,0.5555555555555556,0.6300000000000006,0.3600000000000004,0.3184615384615387,0.18197802197802213,1.0531249999999996,0.9099999999999999,3,high,medium,linear
0,0,0,1,0.0,0.11409089062499998,0.5,0.6300000000000006,0.3600000000000004,0.3184615384615387,0.18197802197802213,1.0531249999999996,0.9099999999999999,4,high,medium,linear
0,0,0,0,0.0,0.0,0.5777777777777777,0.6300000000000006,0.3600000000000004,0.3184615384615387,0.18197802197802213,1.0531249999999996,0.9099999999999999,5,high,medium,linear
0,0,0,0,0.0,0.0,0.7111111111111111,0.6300000000000006,0.3600000000000004,0.3184615384615387,0.18197802197802213,1.0531249999999996,0.9099999999999999,6,high,medium,linear
0,0,0,0,0.0,0.0,0.5222222222222223,0.6300000000000006,0.3600000000000004,0.3184615384615387,0.18197802197802213,1.0531249999999996,0.9099999999999999,7,high,medium,linear
0,0,1,0,0.11567999999999999,0.0,0.5666666666666667,0.6300000000000006,0.3600000000000004,0.3184615384615387,0.18197802197802213,1.0531249999999996,0.9099999999999999,8,high,medium,linear
0,1,0,2,0.0,0.228127123125,0.5111111111111111,0.6300000000000006,0.3600000000000004,0.3184615384615387,0.18197802197802213,1.0531249999999996,0.9099999999999999,9,high,medium,linear
0,0,1,0,0.116976,0.0,0.5666666666666667,0.6300000000000006,0.3600000000000004,0.3184615384615387,0.18197802197802213,1.0531249999999996,0.9099999999999999,10,high,medium,linear
0,0,1,0,0.11946,0.0,0.5111111111111111,0.6300000000000006,0.3600000000000004,0.3184615384615387,0.18197802197802213,1.0531249999999996,0.9099999999999999,11,high,medium,linear
0,0,0,0,0.0,0.0,0.4666666666666667,0.6300000000000006,0.3600000000000004,0.3184615384615387,0.18197802197802213,1.0531249999999996,0.9099999999999999,12,high,medium,linear
0,0,0,0,0.0,0.0,0.5333333333333333,0.6300000000000006,0.3600000000000004,0.3184615384615387,0.18197802197802213,1.0531249999999996,0.9099999999999999,13,high,medium,linear
0,0,1,0,0.11578799999999999,0.0,0.7333333333333333,0.6300000000000006,0.3600000000000004,0.3184615384615387,0.18197802197802213,1.0531249999999996,0.9099999999999999,14,high,medium,linear
0,0,1,0,0.11913599999999999,0.0,0.6222222222222222,0.6300000000000006,0.3600000000000004,0.3184615384615387,0.18197802197802213,1.0531249999999996,0.9099999999999999,15,high,medium,linear
0,1,0,1,0.0,0.03768063,0.4222222222222222,0.6300000000000006,0.3600000000000004,0.3184615384615387,0.18197802197802213,1.0531249999999996,0.9099999999999999,16,high,medium,linear
0,0,0,1,0.0,0.11359269,0.4666666666666667,0.6300000000000006,0.3600000000000004,0.3184615384615387,0.18197802197802213,1.0531249999999996,0.9099999999999999,17,high,medium,linear
0,0,0,1,0.0,0.114112288125,0.5111111111111111,0.6300000000000006,0.3600000000000004,0.3184615384615387,0.18197802197802213,1.0531249999999996,0.9099999999999999,18,high,medium,linear
0,0,0,0,0.0,0.0,0.4444444444444444,0.6300000000000006,0.3600000000000004,0.3184615384615387,0.18197802197802213,1.0531249999999996,0.9099999999999999,19,high,medium,linear
0,0,1,0,0.119568,0.0,0.5555555555555556,0.6300000000000006,0.3600000000000004,0.3184615384615387,0.18197802197802213,1.0531249999999996,0.9099999999999999,20,high,medium,linear
0,0,0,0,0.0,0.0,0.5444444444444444,0.6300000000000006,0.3600000000000004,0.3184615384615387,0.18197802197802213,1.0531249999999996,0.9099999999999999,21,high,medium,linear
0,0,0,0,0.0,0.0,0.5444444444444444,0.6300000000000006,0.3600000000000004,0.3184615384615387,0.18197802197802213,1.0531249999999996,0.9099999999999999,22,high,medium,linear
0,0,0,0,0.0,0.0,0.5777777777777777,0.6300000000000006,0.3600000000000004,0.3184615384615387,0.18197802197802213,1.0531249999999996,0.9099999999999999,23,high,medium,linear
0,0,1,0,0.118596,0.0,0.5666666666666667,0.6300000000000006,0.3600000000000004,0.3184615384615387,0.18197802197802213,1.0531249999999996,0.9099999999999999,24,high,medium,linear
0,0,1,1,0.115572,0.114035625,0.4666666666666667,0.6300000000000006,0.3600000000000004,0.3184615384615387,0.18197802197802213,1.0531249999999996,0.9099999999999999,25,high,medium,linear
0,0,0,0,0.0,0.0,0.5,0.6300000000000006,0.3600000000000004,0.3184615384615387,0.18197802197802213,1.0531249999999996,0.9099999999999999,26,high,medium,linear
0,0,0,0,0.0,0.0,0.5777777777777777,0.6300000000000006,0.3600000000000004,0.3184615384615387,0.18197802197802213,1.0531249999999996,0.9099999999999999,27,high,medium,linear
0,0,0,0,0.0,0.0,0.5666666666666667,0.6300000000000006,0.3600000000000004,0.3184615384615387,0.18197802197802213,1.0531249999999996,0.9099999999999999,28,high,medium,linear
0,0,0,3,0.0,0.34192492875,0.4444444444444444,0.6300000000000006,0.3600000000000004,0.3184615384615387,0.18197802197802213,1.0531249999999996,0.9099999999999999,29,high,medium,linear
0,0,0,0,0.0,0.0,0.5111111111111111,0.6300000000000006,0.3600000000000004,0.3184615384615387,0.18197802197802213,1.0531249999999996,0.9099999999999999,30,high,medium,linear
0,0,0,0,0.0,0.0,0.5,0.6300000000000006,0.3600000000000004,0.3184615384615387,0.18197802197802213,1.0531249999999996,0.9099999999999999,31,high,medium,linear
0,0,0,0,0.0,0.0,0.5222222222222223,0.6300000000000006,0.3600000000000004,0.3184615384615387,0.18197802197802213,1.0531249999999996,0.9099999999999999,32,high,medium,linear
0,0,0,0,0.0,0.0,0.6222222222222222,0.6300000000000006,0.3600000000000004,0.3184615384615387,0.18197802197802213,1.0531249999999996,0.9099999999999999,33,high,medium,linear
1,1,1,1,0.11481599999999999,0.11359269,0.5,0.6300000000000006,0.3600000000000004,0.3184615384615387,0.18197802197802213,1.0531249999999996,0.9099999999999999,34,high,medium,linear
0,0,0,1,0.0,0.11255016937500001,0.5333333333333333,0.6300000000000006,0.3600000000000004,0.3184615384615387,0.18197802197802213,1.0531249999999996,0.9099999999999999,35,high,medium,linear
0,0,0,0,0.0,0.0,0.5,0.6300000000000006,0.3600000000000004,0.3184615384615387,0.18197802197802213,1.0531249999999996,0.9099999999999999,36,high,medium,linear
0,0,0,0,0.0,0.0,0.5555555555555556,0.6300000000000006,0.3600000000000004,0.3184615384615387,0.18197802197802213,1.0531249999999996,0.9099999999999999,37,high,medium,linear
0,0,0,0,0.0,0.0,0.5444444444444444,0.6300000000000006,0.3600000000000004,0.3184615384615387,0.18197802197802213,1.0531249999999996,0.9099999999999999,38,high,medium,linear
0,0,1,0,0.116976,0.0,0.6,0.6300000000000006,0.3600000000000004,0.3184615384615387,0.18197802197802213,1.0531249999999996,0.9099999999999999,39,high,medium,linear
0,0,0,0,0.0,0.0,0.3888888888888889,0.6300000000000006,0.3600000000000004,0.3184615384615387,0.18197802197802213,1.0531249999999996,0.9099999999999999,40,high,medium,linear
0,0,1,0,0.117084,0.0,0.4444444444444444,0.6300000000000006,0.3600000000000004,0.3184615384615387,0.18197802197802213,1.0531249999999996,0.9099999999999999,41,high,medium,linear
0,0,0,1,0.0,0.1130681475,0.35555555555555557,0.6300000000000006,0.3600000000000004,0.3184615384615387,0.18197802197802213,1.0531249999999996,0.9099999999999999,42,high,medium,linear
0,0,0,1,0.0,0.113880088125,0.36666666666666664,0.6300000000000006,0.3600000000000004,0.3184615384615387,0.18197802197802213,1.0531249999999996,0.9099999999999999,43,high,medium,linear
0,0,0,0,0.0,0.0,0.7222222222222222,0.6300000000000006,0.3600000000000004,0.3184615384615387,0.18197802197802213,1.0531249999999996,0.9099999999999999,44,high,medium,linear
0,0,0,0,0.0,0.0,0.36666666666666664,0.6300000000000006,0.3600000000000004,0.3184615384615387,0.18197802197802213,1.0531249999999996,0.9099999999999999,45,high,medium,linear
0,0,0,0,0.0,0.0,0.4888888888888889,0.6300000000000006,0.3600000000000004,0.3184615384615387,0.18197802197802213,1.0531249999999996,0.9099999999999999,46,high,medium,linear
0,0,0,0,0.0,0.0,0.4666666666666667,0.6300000000000006,0.3600000000000004,0.3184615384615387,0.18197802197802213,1.0531249999999996,0.9099999999999999,47,high,medium,linear
0,0,1,0,0.11373599999999999,0.0,0.5666666666666667,0.6300000000000006,0.3600000000000004,0.3184615384615387,0.18197802197802213,1.0531249999999996,0.9099999999999999,48,high,medium,linear
0,0,0,0,0.0,0.0,0.6111111111111112,0.6300000000000006,0.3600000000000004,0.3184615384615387,0.18197802197802213,1.0531249999999996,0.9099999999999999,49,high,medium,linear
0,0,0,0,0.0,0.0,0.7111111111111111,0.6300000000000006,0.3600000000000004,0.3184615384615387,0.18197802197802213,1.0531249999999996,0.9099999999999999,50,high,medium,linear
0,0,3,0,0.344232,0.0,0.6555555555555556,0.6300000000000006,0.3600000000000004,0.3184615384615387,0.18197802197802213,1.0531249999999996,0.9099999999999999,51,high,medium,linear
0,0,0,0,0.0,0.0,0.4888888888888889,0.6300000000000006,0.3600000000000004,0.3184615384615387,0.18197802197802213,1.0531249999999996,0.9099999999999999,52,high,medium,linear
1,0,1,0,0.119244,0.0,0.5555555555555556,0.6300000000000006,0.3600000000000004,0.3184615384615387,0.18197802197802213,1.0531249999999996,0.9099999999999999,53,high,medium,linear
0,0,0,0,0.0,0.0,0.6222222222222222,0.6300000000000006,0.3600000000000004,0.3184615384615387,0.18197802197802213,1.0531249999999996,0.9099999999999999,54,high,medium,linear
0,0,0,0,0.0,0.0,0.5444444444444444,0.6300000000000006,0.3600000000000004,0.3184615384615387,0.18197802197802213,1.0531249999999996,0.9099999999999999,55,high,medium,linear
0,0,0,0,0.0,0.0,0.4777777777777778,0.6300000000000006,0.3600000000000004,0.3184615384615387,0.18197802197802213,1.0531249999999996,0.9099999999999999,56,high,medium,linear
0,0,0,0,0.0,0.0,0.6666666666666666,0.6300000000000006,0.3600000000000004,0.3184615384615387,0.18197802197802213,1.0531249999999996,0.9099999999999999,57,high,medium,linear
1,0,1,0,0.11870399999999999,0.0,0.45555555555555555,0.6300000000000006,0.3600000000000004,0.3184615384615387,0.18197802197802213,1.0531249999999996,0.9099999999999999,58,high,medium,linear
0,0,1,0,0.11643599999999998,0.0,0.4888888888888889,0.6300000000000006,0.3600000000000004,0.3184615384615387,0.18197802197802213,1.0531249999999996,0.9099999999999999,59,high,medium,linear
0,0,1,0,0.116004,0.0,0.5,0.6300000000000006,0.3600000000000004,0.3184615384615387,0.18197802197802213,1.0531249999999996,0.9099999999999999,60,high,medium,linear
0,0,0,0,0.0,0.0,0.6444444444444445,0.6300000000000006,0.3600000000000004,0.3184615384615387,0.18197802197802213,1.0531249999999996,0.9099999999999999,61,high,medium,linear
1,0,1,0,0.11881199999999999,0.0,0.6444444444444445,0.6300000000000006,0.3600000000000004,0.3184615384615387,0.18197802197802213,1.0531249999999996,0.9099999999999999,62,high,medium,linear
0,0,0,0,0.0,0.0,0.4777777777777778,0.6300000000000006,0.3600000000000004,0.3184615384615387,0.18197802197802213,1.0531249999999996,0.9099999999999999,63,high,medium,linear
1,0,4,0,0.45731999999999995,0.0,0.5666666666666667,0.6300000000000006,0.3600000000000004,0.3184615384615387,0.18197802197802213,1.0531249999999996,0.9099999999999999,64,high,medium,linear
0,0,0,0,0.0,0.0,0.5,0.6300000000000006,0.3600000000000004,0.3184615384615387,0.18197802197802213,1.0531249999999996,0.9099999999999999,65,high,medium,linear
0,0,0,0,0.0,0.0,0.4222222222222222,0.6300000000000006,0.3600000000000004,0.3184615384615387,0.18197802197802213,1.0531249999999996,0.9099999999999999,66,high,medium,linear
0,0,0,1,0.0,0.114058035,0.5888888888888889,0.6300000000000006,0.3600000000000004,0.3184615384615387,0.18197802197802213,1.0531249999999996,0.9099999999999999,67,high,medium,linear
1,0,1,0,0.11243999999999998,0.0,0.6555555555555556,0.6300000000000006,0.3600000000000004,0.3184615384615387,0.18197802197802213,1.0531249999999996,0.9099999999999999,68,high,medium,linear
0,0,0,0,0.0,0.0,0.6888888888888889,0.6300000000000006,0.3600000000000004,0.3184615384615387,0.18197802197802213,1.0531249999999996,0.9099999999999999,69,high,medium,linear
0,0,0,1,0.0,0.11367936,0.6222222222222222,0.6300000000000006,0.3600000000000004,0.3184615384615387,0.18197802197802213,1.0531249999999996,0.9099999999999999,70,high,medium,linear
0,0,0,0,0.0,0.0,0.5555555555555556,0.6300000000000006,0.3600000000000004,0.3184615384615387,0.18197802197802213,1.0531249999999996,0.9099999999999999,71,high,medium,linear
1,0,1,1,0.11622,0.11284674749999998,0.5777777777777777,0.6300000000000006,0.3600000000000004,0.3184615384615387,0.18197802197802213,1.0531249999999996,0.9099999999999999,72,high,medium,linear
0,0,0,0,0.0,0.0,0.4888888888888889,0.6300000000000006,0.3600000000000004,0.3184615384615387,0.18197802197802213,1.0531249999999996,0.9099999999999999,73,high,medium,linear
0,0,0,2,0.0,0.22767035062500002,0.4777777777777778,0.6300000000000006,0.3600000000000004,0.3184615384615387,0.18197802197802213,1.0531249999999996,0.9099999999999999,74,high,medium,linear
0,0,0,0,0.0,0.0,0.5222222222222223,0.6300000000000006,0.3600000000000004,0.3184615384615387,0.18197802197802213,1.0531249999999996,0.9099999999999999,75,high,medium,linear
0,0,0,0,0.0,0.0,0.4777777777777778,0.6300000000000006,0.3600000000000004,0.3184615384615387,0.18197802197802213,1.0531249999999996,0.9099999999999999,76,high,medium,linear
0,0,0,0,0.0,0.0,0.6111111111111112,0.6300000000000006,0.3600000000000004,0.3184615384615387,0.18197802197802213,1.0531249999999996,0.9099999999999999,77,high,medium,linear
0,1,0,1,0.0,0.113735115,0.4444444444444444,0.6300000000000006,0.3600000000000004,0.3184615384615387,0.18197802197802213,1.0531249999999996,0.9099999999999999,78,high,medium,linear
0,0,0,0,0.0,0.0,0.5222222222222223,0.6300000000000006,0.3600000000000004,0.3184615384615387,0.18197802197802213,1.0531249999999996,0.9099999999999999,79,high,medium,linear
0,0,0,0,0.0,0.0,0.6111111111111112,0.6300000000000006,0.3600000000000004,0.3184615384615387,0.18197802197802213,1.0531249999999996,0.9099999999999999,80,high,medium,linear
0,0,1,0,0.118272,0.0,0.5777777777777777,0.6300000000000006,0.3600000000000004,0.3184615384615387,0.18197802197802213,1.0531249999999996,0.9099999999999999,81,high,medium,linear
0,0,0,0,0.0,0.0,0.5444444444444444,0.6300000000000006,0.3600000000000004,0.3184615384615387,0.18197802197802213,1.0531249999999996,0.9099999999999999,82,high,medium,linear
1,0,2,0,0.23135999999999998,0.0,0.7,0.6300000000000006,0.3600000000000004,0.3184615384615387,0.18197802197802213,1.0531249999999996,0.9099999999999999,83,high,medium,linear
0,0,0,0,0.0,0.0,0.6555555555555556,0.6300000000000006,0.3600000000000004,0.3184615384615387,0.18197802197802213,1.0531249999999996,0.9099999999999999,84,high,medium,linear
0,0,0,0,0.0,0.0,0.5777777777777777,0.6300000000000006,0.3600000000000004,0.3184615384615387,0.18197802197802213,1.0531249999999996,0.9099999999999999,85,high,medium,linear
0,1,1,1,0.117948,0.114133280625,0.6111111111111112,0.6300000000000006,0.3600000000000004,0.3184615384615387,0.18197802197802213,1.0531249999999996,0.9099999999999999,86,high,medium,linear
0,0,2,1,0.23125199999999999,0.11263175999999998,0.5,0.6300000000000006,0.3600000000000004,0.3184615384615387,0.18197802197802213,1.0531249999999996,0.9099999999999999,87,high,medium,linear
0,0,0,0,0.0,0.0,0.5111111111111111,0.6300000000000006,0.3600000000000004,0.3184615384615387,0.18197802197802213,1.0531249999999996,0.9099999999999999,88,high,medium,linear
0,0,1,0,0.1146,0.0,0.6444444444444445,0.6300000000000006,0.3600000000000004,0.3184615384615387,0.18197802197802213,1.0531249999999996,0.9099999999999999,89,high,medium,linear
0,0,0,0,0.0,0.0,0.37777777777777777,0.6300000000000006,0.3600000000000004,0.3184615384615387,0.18197802197802213,1.0531249999999996,0.9099999999999999,90,high,medium,linear
0,0,0,0,0.0,0.0,0.5333333333333333,0.6300000000000006,0.3600000000000004,0.3184615384615387,0.18197802197802213,1.0531249999999996,0.9099999999999999,91,high,medium,linear
0,0,1,0,0.115572,0.0,0.5666666666666667,0.6300000000000006,0.3600000000000004,0.3184615384615387,0.18197802197802213,1.0531249999999996,0.9099999999999999,92,high,medium,linear
0,0,0,0,0.0,0.0,0.45555555555555555,0.6300000000000006,0.3600000000000004,0.3184615384615387,0.18197802197802213,1.0531249999999996,0.9099999999999999,93,high,medium,linear
0,0,0,0,0.0,0.0,0.6777777777777778,0.6300000000000006,0.3600000000000004,0.3184615384615387,0.18197802197802213,1.0531249999999996,0.9099999999999999,94,high,medium,linear
0,0,1,1,0.11643599999999998,0.113905130625,0.4888888888888889,0.6300000000000006,0.3600000000000004,0.3184615384615387,0.18197802197802213,1.0531249999999996,0.9099999999999999,95,high,medium,linear
0,0,0,0,0.0,0.0,0.5777777777777777,0.6300000000000006,0.3600000000000004,0.3184615384615387,0.18197802197802213,1.0531249999999996,0.9099999999999999,96,high,medium,linear
0,0,0,0,0.0,0.0,0.6333333333333333,0.6300000000000006,0.3600000000000004,0.3184615384615387,0.18197802197802213,1.0531249999999996,0.9099999999999999,97,high,medium,linear
0,0,0,2,0.0,0.227659415625,0.5555555555555556,0.6300000000000006,0.3600000000000004,0.3184615384615387,0.18197802197802213,1.0531249999999996,0.9099999999999999,98,high,medium,linear
0,0,1,0,0.11816399999999999,0.0,0.5666666666666667,0.6300000000000006,0.3600000000000004,0.3184615384615387,0.18197802197802213,1.0531249999999996,0.9099999999999999,99,high,medium,linear
0,0,0,0,0.0,0.0,0.4222222222222222,0.6300000000000006,0.3600000000000004,0.3184615384615387,0.18197802197802213,1.0531249999999996,0.9099999999999999,100,high,medium,linear
0,0,1,1,0.117084,0.11300174437499999,0.7,0.6300000000000006,0.3600000000000004,0.3184615384615387,0.18197802197802213,1.0531249999999996,0.9099999999999999,101,high,medium,linear
0,0,1,0,0.11665199999999999,0.0,0.4888888888888889,0.6300000000000006,0.3600000000000004,0.3184615384615387,0.18197802197802213,1.0531249999999996,0.9099999999999999,102,high,medium,linear
0,0,1,0,0.11773199999999999,0.0,0.5,0.6300000000000006,0.3600000000000004,0.3184615384615387,0.18197802197802213,1.0531249999999996,0.9099999999999999,103,high,medium,linear
0,0,1,0,0.115032,0.0,0.6111111111111112,0.6300000000000006,0.3600000000000004,0.3184615384615387,0.18197802197802213,1.0531249999999996,0.9099999999999999,104,high,medium,linear
1,0,1,1,0.113952,0.112772244375,0.4888888888888889,0.6300000000000006,0.3600000000000004,0.3184615384615387,0.18197802197802213,1.0531249999999996,0.9099999999999999,105,high,medium,linear
0,0,0,1,0.0,0.114046880625,0.5666666666666667,0.6300000000000006,0.3600000000000004,0.3184615384615387,0.18197802197802213,1.0531249999999996,0.9099999999999999,106,high,medium,linear
0,0,0,0,0.0,0.0,0.5,0.6300000000000006,0.3600000000000004,0.3184615384615387,0.18197802197802213,1.0531249999999996,0.9099999999999999,107,high,medium,linear
0,0,0,2,0.0,0.225559591875,0.5666666666666667,0.6300000000000006,0.3600000000000004,0.3184615384615387,0.18197802197802213,1.0531249999999996,0.9099999999999999,108,high,medium,linear
0,0,1,0,0.117084,0.0,0.5111111111111111,0.6300000000000006,0.3600000000000004,0.3184615384615387,0.18197802197802213,1.0531249999999996,0.9099999999999999,109,high,medium,linear
0,0,0,0,0.0,0.0,0.5444444444444444,0.6300000000000006,0.3600000000000004,0.3184615384615387,0.18197802197802213,1.0531249999999996,0.9099999999999999,110,high,medium,linear
0,0,0,3,0.0,0.34158270375,0.4222222222222222,0.6300000000000006,0.3600000000000004,0.3184615384615387,0.18197802197802213,1.0531249999999996,0.9099999999999999,111,high,medium,linear
0,0,0,0,0.0,0.0,0.5111111111111111,0.6300000000000006,0.3600000000000004,0.3184615384615387,0.18197802197802213,1.0531249999999996,0.9099999999999999,112,high,medium,linear
0,0,0,0,0.0,0.0,0.6333333333333333,0.6300000000000006,0.3600000000000004,0.3184615384615387,0.18197802197802213,1.0531249999999996,0.9099999999999999,113,high,medium,linear
0,0,0,1,0.0,0.11304189,0.5,0.6300000000000006,0.3600000000000004,0.3184615384615387,0.18197802197802213,1.0531249999999996,0.9099999999999999,114,high,medium,linear
0,0,0,0,0.0,0.0,0.3888888888888889,0.6300000000000006,0.3600000000000004,0.3184615384615387,0.18197802197802213,1.0531249999999996,0.9099999999999999,115,high,medium,linear
0,0,0,0,0.0,0.0,0.6111111111111112,0.6300000000000006,0.3600000000000004,0.3184615384615387,0.18197802197802213,1.0531249999999996,0.9099999999999999,116,high,medium,linear
0,0,0,0,0.0,0.0,0.5111111111111111,0.6300000000000006,0.3600000000000004,0.3184615384615387,0.18197802197802213,1.0531249999999996,0.9099999999999999,117,high,medium,linear
0,0,1,0,0.117948,0.0,0.6,0.6300000000000006,0.3600000000000004,0.3184615384615387,0.18197802197802213,1.0531249999999996,0.9099999999999999,118,high,medium,linear
0,0,0,0,0.0,0.0,0.6444444444444445,0.6300000000000006,0.3600000000000004,0.3184615384615387,0.18197802197802213,1.0531249999999996,0.9099999999999999,119,high,medium,linear
0,0,0,0,0.0,0.0,0.7333333333333333,0.6300000000000006,0.3600000000000004,0.3184615384615387,0.18197802197802213,1.0531249999999996,0.9099999999999999,120,high,medium,linear
0,0,0,2,0.0,0.2257371,0.5333333333333333,0.6300000000000006,0.3600000000000004,0.3184615384615387,0.18197802197802213,1.0531249999999996,0.9099999999999999,121,high,medium,linear
0,0,0,0,0.0,0.0,0.5,0.6300000000000006,0.3600000000000004,0.3184615384615387,0.18197802197802213,1.0531249999999996,0.9099999999999999,122,high,medium,linear
0,0,0,0,0.0,0.0,0.5,0.6300000000000006,0.3600000000000004,0.3184615384615387,0.18197802197802213,1.0531249999999996,0.9099999999999999,123,high,medium,linear
0,0,0,0,0.0,0.0,0.5111111111111111,0.6300000000000006,0.3600000000000004,0.3184615384615387,0.18197802197802213,1.0531249999999996,0.9099999999999999,124,high,medium,linear
0,0,0,0,0.0,0.0,0.5444444444444444,0.6300000000000006,0.3600000000000004,0.3184615384615387,0.18197802197802213,1.0531249999999996,0.9099999999999999,125,high,medium,linear
1,0,1,0,0.11524799999999999,0.0,0.6444444444444445,0.6300000000000006,0.3600000000000004,0.3184615384615387,0.18197802197802213,1.0531249999999996,0.9099999999999999,126,high,medium,linear
0,0,1,1,0.119028,0.11401280999999999,0.6333333333333333,0.6300000000000006,0.3600000000000004,0.3184615384615387,0.18197802197802213,1.0531249999999996,0.9099999999999999,127,high,medium,linear
0,0,0,1,0.0,0.11406908812500001,0.4444444444444444,0.6300000000000006,0.3600000000000004,0.3184615384615387,0.18197802197802213,1.0531249999999996,0.9099999999999999,128,high,medium,linear
0,0,0,0,0.0,0.0,0.36666666666666664,0.6300000000000006,0.3600000000000004,0.3184615384615387,0.18197802197802213,1.0531249999999996,0.9099999999999999,129,high,medium,linear
0,0,0,0,0.0,0.0,0.43333333333333335,0.6300000000000006,0.3600000000000004,0.3184615384615387,0.18197802197802213,1.0531249999999996,0.9099999999999999,130,high,medium,linear
0,0,0,0,0.0,0.0,0.5111111111111111,0.6300000000000006,0.3600000000000004,0.3184615384615387,0.18197802197802213,1.0531249999999996,0.9099999999999999,131,high,medium,linear
0,0,0,1,0.0,0.11284674749999998,0.5555555555555556,0.6300000000000006,0.3600000000000004,0.3184615384615387,0.18197802197802213,1.0531249999999996,0.9099999999999999,132,high,medium,linear
0,1,0,3,0.0,0.338305528125,0.3111111111111111,0.6300000000000006,0.3600000000000004,0.3184615384615387,0.18197802197802213,1.0531249999999996,0.9099999999999999,133,high,medium,linear
0,0,1,0,0.11675999999999999,0.0,0.5444444444444444,0.6300000000000006,0.3600000000000004,0.3184615384615387,0.18197802197802213,1.0531249999999996,0.9099999999999999,134,high,medium,linear
0,0,0,0,0.0,0.0,0.5444444444444444,0.6300000000000006,0.3600000000000004,0.3184615384615387,0.18197802197802213,1.0531249999999996,0.9099999999999999,135,high,medium,linear
0,0,0,0,0.0,0.0,0.5555555555555556,0.6300000000000006,0.3600000000000004,0.3184615384615387,0.18197802197802213,1.0531249999999996,0.9099999999999999,136,high,medium,linear
0,0,0,0,0.0,0.0,0.6666666666666666,0.6300000000000006,0.3600000000000004,0.3184615384615387,0.18197802197802213,1.0531249999999996,0.9099999999999999,137,high,medium,linear
0,0,0,0,0.0,0.0,0.5888888888888889,0.6300000000000006,0.3600000000000004,0.3184615384615387,0.18197802197802213,1.0531249999999996,0.9099999999999999,138,high,medium,linear
0,0,0,0,0.0,0.0,0.5111111111111111,0.6300000000000006,0.3600000000000004,0.3184615384615387,0.18197802197802213,1.0531249999999996,0.9099999999999999,139,high,medium,linear
0,0,1,0,0.115572,0.0,0.4,0.6300000000000006,0.3600000000000004,0.3184615384615387,0.18197802197802213,1.0531249999999996,0.9099999999999999,140,high,medium,linear
0,0,0,0,0.0,0.0,0.5888888888888889,0.6300000000000006,0.3600000000000004,0.3184615384615387,0.18197802197802213,1.0531249999999996,0.9099999999999999,141,high,medium,linear
0,0,0,0,0.0,0.0,0.35555555555555557,0.6300000000000006,0.3600000000000004,0.3184615384615387,0.18197802197802213,1.0531249999999996,0.9099999999999999,142,high,medium,linear
0,0,0,1,0.0,0.11406908812500001,0.7111111111111111,0.6300000000000006,0.3600000000000004,0.3184615384615387,0.18197802197802213,1.0531249999999996,0.9099999999999999,143,high,medium,linear
0,0,0,0,0.0,0.0,0.4444444444444444,0.6300000000000006,0.3600000000000004,0.3184615384615387,0.18197802197802213,1.0531249999999996,0.9099999999999999,144,high,medium,linear
0,0,0,0,0.0,0.0,0.5777777777777777,0.6300000000000006,0.3600000000000004,0.3184615384615387,0.18197802197802213,1.0531249999999996,0.9099999999999999,145,high,medium,linear
0,0,0,0,0.0,0.0,0.5555555555555556,0.6300000000000006,0.3600000000000004,0.3184615384615387,0.18197802197802213,1.0531249999999996,0.9099999999999999,146,high,medium,linear
0,0,0,0,0.0,0.0,0.4444444444444444,0.6300000000000006,0.3600000000000004,0.3184615384615387,0.18197802197802213,1.0531249999999996,0.9099999999999999,147,high,medium,linear
0,0,0,1,0.0,0.11255016937500001,0.4888888888888889,0.6300000000000006,0.3600000000000004,0.3184615384615387,0.18197802197802213,1.0531249999999996,0.9099999999999999,148,high,medium,linear
0,0,0,0,0.0,0.0,0.7222222222222222,0.6300000000000006,0.3600000000000004,0.3184615384615387,0.18197802197802213,1.0531249999999996,0.9099999999999999,149,high,medium,linear
0,0,0,0,0.0,0.0,0.6444444444444445,0.6300000000000006,0.3600000000000004,0.3184615384615387,0.18197802197802213,1.0531249999999996,0.9099999999999999,150,high,medium,linear
0,0,0,0,0.0,0.0,0.5444444444444444,0.6300000000000006,0.3600000000000004,0.3184615384615387,0.18197802197802213,1.0531249999999996,0.9099999999999999,151,high,medium,linear
0,0,0,0,0.0,0.0,0.45555555555555555,0.6300000000000006,0.3600000000000004,0.3184615384615387,0.18197802197802213,1.0531249999999996,0.9099999999999999,152,high,medium,linear
0,0,0,0,0.0,0.0,0.5444444444444444,0.6300000000000006,0.3600000000000004,0.3184615384615387,0.18197802197802213,1.0531249999999996,0.9099999999999999,153,high,medium,linear
0,0,0,0,0.0,0.0,0.5777777777777777,0.6300000000000006,0.3600000000000004,0.3184615384615387,0.18197802197802213,1.0531249999999996,0.9099999999999999,154,high,medium,linear
0,0,0,0,0.0,0.0,0.7333333333333333,0.6300000000000006,0.3600000000000004,0.3184615384615387,0.18197802197802213,1.0531249999999996,0.9099999999999999,155,high,medium,linear
0,0,0,0,0.0,0.0,0.4222222222222222,0.6300000000000006,0.3600000000000004,0.3184615384615387,0.18197802197802213,1.0531249999999996,0.9099999999999999,156,high,medium,linear
0,0,0,0,0.0,0.0,0.5,0.6300000000000006,0.3600000000000004,0.3184615384615387,0.18197802197802213,1.0531249999999996,0.9099999999999999,157,high,medium,linear
0,0,0,0,0.0,0.0,0.5,0.6300000000000006,0.3600000000000004,0.3184615384615387,0.18197802197802213,1.0531249999999996,0.9099999999999999,158,high,medium,linear
0,0,0,1,0.0,0.112772244375,0.43333333333333335,0.6300000000000006,0.3600000000000004,0.3184615384615387,0.18197802197802213,1.0531249999999996,0.9099999999999999,159,high,medium,linear
0,0,0,0,0.0,0.0,0.5666666666666667,0.6300000000000006,0.3600000000000004,0.3184615384615387,0.18197802197802213,1.0531249999999996,0.9099999999999999,160,high,medium,linear
0,0,0,0,0.0,0.0,0.4666666666666667,0.6300000000000006,0.3600000000000004,0.3184615384615387,0.18197802197802213,1.0531249999999996,0.9099999999999999,161,high,medium,linear
0,0,0,1,0.0,0.11408004,0.4666666666666667,0.6300000000000006,0.3600000000000004,0.3184615384615387,0.18197802197802213,1.0531249999999996,0.9099999999999999,162,high,medium,linear
0,0,0,0,0.0,0.0,0.5,0.6300000000000006,0.3600000000000004,0.3184615384615387,0.18197802197802213,1.0531249999999996,0.9099999999999999,163,high,medium,linear
0,0,1,0,0.11578799999999999,0.0,0.4666666666666667,0.6300000000000006,0.3600000000000004,0.3184615384615387,0.18197802197802213,1.0531249999999996,0.9099999999999999,164,high,medium,linear
0,0,0,0,0.0,0.0,0.6333333333333333,0.6300000000000006,0.3600000000000004,0.3184615384615387,0.18197802197802213,1.0531249999999996,0.9099999999999999,165,high,medium,linear
0,0,1,0,0.113952,0.0,0.5666666666666667,0.6300000000000006,0.3600000000000004,0.3184615384615387,0.18197802197802213,1.0531249999999996,0.9099999999999999,166,high,medium,linear
0,0,0,0,0.0,0.0,0.4222222222222222,0.6300000000000006,0.3600000000000004,0.3184615384615387,0.18197802197802213,1.0531249999999996,0.9099999999999999,167,high,medium,linear
0,0,0,1,0.0,0.11304189,0.5666666666666667,0.6300000000000006,0.3600000000000004,0.3184615384615387,0.18197802197802213,1.0531249999999996,0.9099999999999999,168,high,medium,linear
0,0,0,0,0.0,0.0,0.6111111111111112,0.6300000000000006,0.3600000000000004,0.3184615384615387,0.18197802197802213,1.0531249999999996,0.9099999999999999,169,high,medium,linear
0,0,0,0,0.0,0.0,0.3888888888888889,0.6300000000000006,0.3600000000000004,0.3184615384615387,0.18197802197802213,1.0531249999999996,0.9099999999999999,170,high,medium,linear
0,0,0,0,0.0,0.0,0.5222222222222223,0.6300000000000006,0.3600000000000004,0.3184615384615387,0.18197802197802213,1.0531249999999996,0.9099999999999999,171,high,medium,linear
0,0,0,0,0.0,0.0,0.5888888888888889,0.6300000000000006,0.3600000000000004,0.3184615384615387,0.18197802197802213,1.0531249999999996,0.9099999999999999,172,high,medium,linear
0,0,0,0,0.0,0.0,0.4,0.6300000000000006,0.3600000000000004,0.3184615384615387,0.18197802197802213,1.0531249999999996,0.9099999999999999,173,high,medium,linear
0,0,2,0,0.23233199999999998,0.0,0.6333333333333333,0.6300000000000006,0.3600000000000004,0.3184615384615387,0.18197802197802213,1.0531249999999996,0.9099999999999999,174,high,medium,linear
0,0,1,1,0.118488,0.11409089062499998,0.6,0.6300000000000006,0.3600000000000004,0.3184615384615387,0.18197802197802213,1.0531249999999996,0.9099999999999999,175,high,medium,linear
0,0,0,0,0.0,0.0,0.6111111111111112,0.6300000000000006,0.3600000000000004,0.3184615384615387,0.18197802197802213,1.0531249999999996,0.9099999999999999,176,high,medium,linear
0,0,0,0,0.0,0.0,0.4222222222222222,0.6300000000000006,0.3600000000000004,0.3184615384615387,0.18197802197802213,1.0531249999999996,0.9099999999999999,177,high,medium,linear
0,0,1,1,0.11578799999999999,0.113156859375,0.5111111111111111,0.6300000000000006,0.3600000000000004,0.3184615384615387,0.18197802197802213,1.0531249999999996,0.9099999999999999,178,high,medium,linear
0,0,0,0,0.0,0.0,0.5666666666666667,0.6300000000000006,0.3600000000000004,0.3184615384615387,0.18197802197802213,1.0531249999999996,0.9099999999999999,179,high,medium,linear
0,0,0,0,0.0,0.0,0.6555555555555556,0.6300000000000006,0.3600000000000004,0.3184615384615387,0.18197802197802213,1.0531249999999996,0.9099999999999999,180,high,medium,linear
0,0,0,0,0.0,0.0,0.5333333333333333,0.6300000000000006,0.3600000000000004,0.3184615384615387,0.18197802197802213,1.0531249999999996,0.9099999999999999,181,high,medium,linear
0,0,0,0,0.0,0.0,0.4888888888888889,0.6300000000000006,0.3600000000000004,0.3184615384615387,0.18197802197802213,1.0531249999999996,0.9099999999999999,182,high,medium,linear
0,0,0,0,0.0,0.0,0.5777777777777777,0.6300000000000006,0.3600000000000004,0.3184615384615387,0.18197802197802213,1.0531249999999996,0.9099999999999999,183,high,medium,linear
0,0,0,0,0.0,0.0,0.4222222222222222,0.6300000000000006,0.3600000000000004,0.3184615384615387,0.18197802197802213,1.0531249999999996,0.9099999999999999,184,high,medium,linear
0,0,0,0,0.0,0.0,0.5888888888888889,0.6300000000000006,0.3600000000000004,0.3184615384615387,0.18197802197802213,1.0531249999999996,0.9099999999999999,185,high,medium,linear
0,0,0,1,0.0,0.1125335475,0.4666666666666667,0.6300000000000006,0.3600000000000004,0.3184615384615387,0.18197802197802213,1.0531249999999996,0.9099999999999999,186,high,medium,linear
0,0,1,0,0.118596,0.0,0.6111111111111112,0.6300000000000006,0.3600000000000004,0.3184615384615387,0.18197802197802213,1.0531249999999996,0.9099999999999999,187,high,medium,linear
0,0,1,0,0.11373599999999999,0.0,0.5444444444444444,0.6300000000000006,0.3600000000000004,0.3184615384615387,0.18197802197802213,1.0531249999999996,0.9099999999999999,188,high,medium,linear
0,0,1,0,0.11643599999999998,0.0,0.6333333333333333,0.6300000000000006,0.3600000000000004,0.3184615384615387,0.18197802197802213,1.0531249999999996,0.9099999999999999,189,high,medium,linear
0,0,0,1,0.0,0.11308112437499998,0.6555555555555556,0.6300000000000006,0.3600000000000004,0.3184615384615387,0.18197802197802213,1.0531249999999996,0.9099999999999999,190,high,medium,linear
0,0,0,0,0.0,0.0,0.4,0.6300000000000006,0.3600000000000004,0.3184615384615387,0.18197802197802213,1.0531249999999996,0.9099999999999999,191,high,medium,linear
0,0,0,0,0.0,0.0,0.7,0.6300000000000006,0.3600000000000004,0.3184615384615387,0.18197802197802213,1.0531249999999996,0.9099999999999999,192,high,medium,linear
0,0,0,0,0.0,0.0,0.4,0.6300000000000006,0.3600000000000004,0.3184615384615387,0.18197802197802213,1.0531249999999996,0.9099999999999999,193,high,medium,linear
0,0,1,0,0.11319599999999999,0.0,0.6444444444444445,0.6300000000000006,0.3600000000000004,0.3184615384615387,0.18197802197802213,1.0531249999999996,0.9099999999999999,194,high,medium,linear
0,0,1,1,0.11643599999999998,0.11256669000000001,0.5888888888888889,0.6300000000000006,0.3600000000000004,0.3184615384615387,0.18197802197802213,1.0531249999999996,0.9099999999999999,195,high,medium,linear
0,0,0,1,0.0,0.11408004,0.4666666666666667,0.6300000000000006,0.3600000000000004,0.3184615384615387,0.18197802197802213,1.0531249999999996,0.9099999999999999,196,high,medium,linear
0,0,0,0,0.0,0.0,0.45555555555555555,0.6300000000000006,0.3600000000000004,0.3184615384615387,0.18197802197802213,1.0531249999999996,0.9099999999999999,197,high,medium,linear
0,0,0,0,0.0,0.0,0.4777777777777778,0.6300000000000006,0.3600000000000004,0.3184615384615387,0.18197802197802213,1.0531249999999996,0.9099999999999999,198,high,medium,linear
0,0,0,0,0.0,0.0,0.7333333333333333,0.6300000000000006,0.3600000000000004,0.3184615384615387,0.18197802197802213,1.0531249999999996,0.9099999999999999,199,high,medium,linear
0,0,1,0,0.11740799999999998,0.0,0.45555555555555555,0.6300000000000006,0.3600000000000004,0.3184615384615387,0.18197802197802213,1.0531249999999996,0.9099999999999999,200,high,medium,linear
0,0,0,0,0.0,0.0,0.5,0.6300000000000006,0.3600000000000004,0.3184615384615387,0.18197802197802213,1.0531249999999996,0.9099999999999999,201,high,medium,linear
1,0,1,1,0.119244,0.1127263275,0.5333333333333333,0.6300000000000006,0.3600000000000004,0.3184615384615387,0.18197802197802213,1.0531249999999996,0.9099999999999999,202,high,medium,linear
0,0,0,0,0.0,0.0,0.4777777777777778,0.6300000000000006,0.3600000000000004,0.3184615384615387,0.18197802197802213,1.0531249999999996,0.9099999999999999,203,high,medium,linear
0,0,0,0,0.0,0.0,0.6,0.6300000000000006,0.3600000000000004,0.3184615384615387,0.18197802197802213,1.0531249999999996,0.9099999999999999,204,high,medium,linear
1,2,1,2,0.11773199999999999,0.22700906999999998,0.6444444444444445,0.6300000000000006,0.3600000000000004,0.3184615384615387,0.18197802197802213,1.0531249999999996,0.9099999999999999,205,high,medium,linear
0,0,1,0,0.11643599999999998,0.0,0.5333333333333333,0.6300000000000006,0.3600000000000004,0.3184615384615387,0.18197802197802213,1.0531249999999996,0.9099999999999999,206,high,medium,linear
0,0,1,0,0.114924,0.0,0.6555555555555556,0.6300000000000006,0.3600000000000004,0.3184615384615387,0.18197802197802213,1.0531249999999996,0.9099999999999999,207,high,medium,linear
0,0,0,0,0.0,0.0,0.4444444444444444,0.6300000000000006,0.3600000000000004,0.3184615384615387,0.18197802197802213,1.0531249999999996,0.9099999999999999,208,high,medium,linear
0,0,0,0,0.0,0.0,0.6,0.6300000000000006,0.3600000000000004,0.3184615384615387,0.18197802197802213,1.0531249999999996,0.9099999999999999,209,high,medium,linear
0,0,0,0,0.0,0.0,0.4888888888888889,0.6300000000000006,0.3600000000000004,0.3184615384615387,0.18197802197802213,1.0531249999999996,0.9099999999999999,210,high,medium,linear
0,0,0,0,0.0,0.0,0.4444444444444444,0.6300000000000006,0.3600000000000004,0.3184615384615387,0.18197802197802213,1.0531249999999996,0.9099999999999999,211,high,medium,linear
0,0,1,0,0.11622,0.0,0.4888888888888889,0.6300000000000006,0.3600000000000004,0.3184615384615387,0.18197802197802213,1.0531249999999996,0.9099999999999999,212,high,medium,linear
0,0,0,0,0.0,0.0,0.5888888888888889,0.6300000000000006,0.3600000000000004,0.3184615384615387,0.18197802197802213,1.0531249999999996,0.9099999999999999,213,high,medium,linear
0,0,0,0,0.0,0.0,0.5666666666666667,0.6300000000000006,0.3600000000000004,0.3184615384615387,0.18197802197802213,1.0531249999999996,0.9099999999999999,214,high,medium,linear
0,0,1,0,0.11967599999999999,0.0,0.5,0.6300000000000006,0.3600000000000004,0.3184615384615387,0.18197802197802213,1.0531249999999996,0.9099999999999999,215,high,medium,linear
0,0,0,1,0.0,0.11409089062499998,0.5555555555555556,0.6300000000000006,0.3600000000000004,0.3184615384615387,0.18197802197802213,1.0531249999999996,0.9099999999999999,216,high,medium,linear
0,0,1,0,0.116544,0.0,0.5,0.6300000000000006,0.3600000000000004,0.3184615384615387,0.18197802197802213,1.0531249999999996,0.9099999999999999,217,high,medium,linear
0,0,0,0,0.0,0.0,0.5555555555555556,0.6300000000000006,0.3600000000000004,0.3184615384615387,0.18197802197802213,1.0531249999999996,0.9099999999999999,218,high,medium,linear
0,0,0,2,0.0,0.226717605,0.4,0.6300000000000006,0.3600000000000004,0.3184615384615387,0.18197802197802213,1.0531249999999996,0.9099999999999999,219,high,medium,linear
0,0,0,1,0.0,0.113735115,0.6555555555555556,0.6300000000000006,0.3600000000000004,0.3184615384615387,0.18197802197802213,1.0531249999999996,0.9099999999999999,220,high,medium,linear
0,0,0,1,0.0,0.11406908812500001,0.6222222222222222,0.6300000000000006,0.3600000000000004,0.3184615384615387,0.18197802197802213,1.0531249999999996,0.9099999999999999,221,high,medium,linear
0,0,0,1,0.0,0.11367936,0.5555555555555556,0.6300000000000006,0.3600000000000004,0.3184615384615387,0.18197802197802213,1.0531249999999996,0.9099999999999999,222,high,medium,linear
0,0,0,0,0.0,0.0,0.5555555555555556,0.6300000000000006,0.3600000000000004,0.3184615384615387,0.18197802197802213,1.0531249999999996,0.9099999999999999,223,high,medium,linear
0,0,0,0,0.0,0.0,0.4888888888888889,0.6300000000000006,0.3600000000000004,0.3184615384615387,0.18197802197802213,1.0531249999999996,0.9099999999999999,224,high,medium,linear
0,0,0,0,0.0,0.0,0.7555555555555555,0.6300000000000006,0.3600000000000004,0.3184615384615387,0.18197802197802213,1.0531249999999996,0.9099999999999999,225,high,medium,linear
1,0,1,0,0.11838,0.0,0.5333333333333333,0.6300000000000006,0.3600000000000004,0.3184615384615387,0.18197802197802213,1.0531249999999996,0.9099999999999999,226,high,medium,linear
0,0,0,0,0.0,0.0,0.6,0.6300000000000006,0.3600000000000004,0.3184615384615387,0.18197802197802213,1.0531249999999996,0.9099999999999999,227,high,medium,linear
0,0,0,0,0.0,0.0,0.4444444444444444,0.6300000000000006,0.3600000000000004,0.3184615384615387,0.18197802197802213,1.0531249999999996,0.9099999999999999,228,high,medium,linear
0,0,0,0,0.0,0.0,0.4888888888888889,0.6300000000000006,0.3600000000000004,0.3184615384615387,0.18197802197802213,1.0531249999999996,0.9099999999999999,229,high,medium,linear
0,0,0,1,0.0,0.11264777437500001,0.35555555555555557,0.6300000000000006,0.3600000000000004,0.3184615384615387,0.18197802197802213,1.0531249999999996,0.9099999999999999,230,high,medium,linear
0,0,0,0,0.0,0.0,0.6555555555555556,0.6300000000000006,0.3600000000000004,0.3184615384615387,0.18197802197802213,1.0531249999999996,0.9099999999999999,231,high,medium,linear
0,0,0,0,0.0,0.0,0.5111111111111111,0.6300000000000006,0.3600000000000004,0.3184615384615387,0.18197802197802213,1.0531249999999996,0.9099999999999999,232,high,medium,linear
0,0,0,0,0.0,0.0,0.4777777777777778,0.6300000000000006,0.3600000000000004,0.3184615384615387,0.18197802197802213,1.0531249999999996,0.9099999999999999,233,high,medium,linear
0,0,0,2,0.0,0.22640195812499997,0.5777777777777777,0.6300000000000006,0.3600000000000004,0.3184615384615387,0.18197802197802213,1.0531249999999996,0.9099999999999999,234,high,medium,linear
0,0,0,1,0.0,0.113762385,0.4222222222222222,0.6300000000000006,0.3600000000000004,0.3184615384615387,0.18197802197802213,1.0531249999999996,0.9099999999999999,235,high,medium,linear
0,0,0,2,0.0,0.22591773,0.4,0.6300000000000006,0.3600000000000004,0.3184615384615387,0.18197802197802213,1.0531249999999996,0.9099999999999999,236,high,medium,linear
0,0,1,0,0.11773199999999999,0.0,0.6222222222222222,0.6300000000000006,0.3600000000000004,0.3184615384615387,0.18197802197802213,1.0531249999999996,0.9099999999999999,237,high,medium,linear
0,0,0,0,0.0,0.0,0.4888888888888889,0.6300000000000006,0.3600000000000004,0.3184615384615387,0.18197802197802213,1.0531249999999996,0.9099999999999999,238,high,medium,linear
0,0,1,0,0.119244,0.0,0.6333333333333333,0.6300000000000006,0.3600000000000004,0.3184615384615387,0.18197802197802213,1.0531249999999996,0.9099999999999999,239,high,medium,linear
0,0,0,1,0.0,0.112710819375,0.4666666666666667,0.6300000000000006,0.3600000000000004,0.3184615384615387,0.18197802197802213,1.0531249999999996,0.9099999999999999,240,high,medium,linear
0,0,0,0,0.0,0.0,0.6333333333333333,0.6300000000000006,0.3600000000000004,0.3184615384615387,0.18197802197802213,1.0531249999999996,0.9099999999999999,241,high,medium,linear
0,0,0,0,0.0,0.0,0.5,0.6300000000000006,0.3600000000000004,0.3184615384615387,0.18197802197802213,1.0531249999999996,0.9099999999999999,242,high,medium,linear
0,0,0,0,0.0,0.0,0.5333333333333333,0.6300000000000006,0.3600000000000004,0.3184615384615387,0.18197802197802213,1.0531249999999996,0.9099999999999999,243,high,medium,linear
0,0,0,0,0.0,0.0,0.4444444444444444,0.6300000000000006,0.3600000000000004,0.3184615384615387,0.18197802197802213,1.0531249999999996,0.9099999999999999,244,high,medium,linear
0,0,0,1,0.0,0.113954000625,0.45555555555555555,0.6300000000000006,0.3600000000000004,0.3184615384615387,0.18197802197802213,1.0531249999999996,0.9099999999999999,245,high,medium,linear
0,0,0,0,0.0,0.0,0.3333333333333333,0.6300000000000006,0.3600000000000004,0.3184615384615387,0.18197802197802213,1.0531249999999996,0.9099999999999999,246,high,medium,linear
0,0,0,0,0.0,0.0,0.5,0.6300000000000006,0.3600000000000004,0.3184615384615387,0.18197802197802213,1.0531249999999996,0.9099999999999999,247,high,medium,linear
0,0,0,0,0.0,0.0,0.37777777777777777,0.6300000000000006,0.3600000000000004,0.3184615384615387,0.18197802197802213,1.0531249999999996,0.9099999999999999,248,high,medium,linear
0,0,1,1,0.11567999999999999,0.11256669000000001,0.43333333333333335,0.6300000000000006,0.3600000000000004,0.3184615384615387,0.18197802197802213,1.0531249999999996,0.9099999999999999,249,high,medium,linear
0,0,0,0,0.0,0.0,0.4666666666666667,0.6300000000000006,0.3600000000000004,0.3184615384615387,0.18197802197802213,1.0531249999999996,0.9099999999999999,250,high,medium,linear
0,0,0,0,0.0,0.0,0.4777777777777778,0.6300000000000006,0.3600000000000004,0.3184615384615387,0.18197802197802213,1.0531249999999996,0.9099999999999999,251,high,medium,linear
0,0,0,0,0.0,0.0,0.43333333333333335,0.6300000000000006,0.3600000000000004,0.3184615384615387,0.18197802197802213,1.0531249999999996,0.9099999999999999,252,high,medium,linear
0,0,0,1,0.0,0.114001250625,0.37777777777777777,0.6300000000000006,0.3600000000000004,0.3184615384615387,0.18197802197802213,1.0531249999999996,0.9099999999999999,253,high,medium,linear
0,0,0,0,0.0,0.0,0.5111111111111111,0.6300000000000006,0.3600000000000004,0.3184615384615387,0.18197802197802213,1.0531249999999996,0.9099999999999999,254,high,medium,linear
0,0,0,0,0.0,0.0,0.7,0.6300000000000006,0.3600000000000004,0.3184615384615387,0.18197802197802213,1.0531249999999996,0.9099999999999999,255,high,medium,linear
0,0,0,0,0.0,0.0,0.7111111111111111,0.6300000000000006,0.3600000000000004,0.3184615384615387,0.18197802197802213,1.0531249999999996,0.9099999999999999,256,high,medium,linear
0,0,0,0,0.0,0.0,0.5111111111111111,0.6300000000000006,0.3600000000000004,0.3184615384615387,0.18197802197802213,1.0531249999999996,0.9099999999999999,257,high,medium,linear
1,1,1,1,0.11946,0.114058035,0.5333333333333333,0.6300000000000006,0.3600000000000004,0.3184615384615387,0.18197802197802213,1.0531249999999996,0.9099999999999999,258,high,medium,linear
0,0,0,0,0.0,0.0,0.4666666666666667,0.6300000000000006,0.3600000000000004,0.3184615384615387,0.18197802197802213,1.0531249999999996,0.9099999999999999,259,high,medium,linear
1,0,3,0,0.348336,0.0,0.6222222222222222,0.6300000000000006,0.3600000000000004,0.3184615384615387,0.18197802197802213,1.0531249999999996,0.9099999999999999,260,high,medium,linear
0,0,2,0,0.22887599999999997,0.0,0.5666666666666667,0.6300000000000006,0.3600000000000004,0.3184615384615387,0.18197802197802213,1.0531249999999996,0.9099999999999999,261,high,medium,linear
0,0,0,0,0.0,0.0,0.4666666666666667,0.6300000000000006,0.3600000000000004,0.3184615384615387,0.18197802197802213,1.0531249999999996,0.9099999999999999,262,high,medium,linear
0,0,2,0,0.23081999999999997,0.0,0.5333333333333333,0.6300000000000006,0.3600000000000004,0.3184615384615387,0.18197802197802213,1.0531249999999996,0.9099999999999999,263,high,medium,linear
0,0,0,0,0.0,0.0,0.5222222222222223,0.6300000000000006,0.3600000000000004,0.3184615384615387,0.18197802197802213,1.0531249999999996,0.9099999999999999,264,high,medium,linear
0,0,0,0,0.0,0.0,0.4888888888888889,0.6300000000000006,0.3600000000000004,0.3184615384615387,0.18197802197802213,1.0531249999999996,0.9099999999999999,265,high,medium,linear
0,0,0,0,0.0,0.0,0.5111111111111111,0.6300000000000006,0.3600000000000004,0.3184615384615387,0.18197802197802213,1.0531249999999996,0.9099999999999999,266,high,medium,linear
0,0,0,1,0.0,0.11287584,0.6,0.6300000000000006,0.3600000000000004,0.3184615384615387,0.18197802197802213,1.0531249999999996,0.9099999999999999,267,high,medium,linear
0,1,0,1,0.0,0.11372132812499999,0.4222222222222222,0.6300000000000006,0.3600000000000004,0.3184615384615387,0.18197802197802213,1.0531249999999996,0.9099999999999999,268,high,medium,linear
0,0,0,0,0.0,0.0,0.45555555555555555,0.6300000000000006,0.3600000000000004,0.3184615384615387,0.18197802197802213,1.0531249999999996,0.9099999999999999,269,high,medium,linear
0,0,0,0,0.0,0.0,0.6444444444444445,0.6300000000000006,0.3600000000000004,0.3184615384615387,0.18197802197802213,1.0531249999999996,0.9099999999999999,270,high,medium,linear
0,0,0,0,0.0,0.0,0.35555555555555557,0.6300000000000006,0.3600000000000004,0.3184615384615387,0.18197802197802213,1.0531249999999996,0.9099999999999999,271,high,medium,linear
0,0,0,1,0.0,0.11309399999999999,0.5777777777777777,0.6300000000000006,0.3600000000000004,0.3184615384615387,0.18197802197802213,1.0531249999999996,0.9099999999999999,272,high,medium,linear
0,0,0,0,0.0,0.0,0.5555555555555556,0.6300000000000006,0.3600000000000004,0.3184615384615387,0.18197802197802213,1.0531249999999996,0.9099999999999999,273,high,medium,linear
0,0,1,0,0.11740799999999998,0.0,0.6,0.6300000000000006,0.3600000000000004,0.3184615384615387,0.18197802197802213,1.0531249999999996,0.9099999999999999,274,high,medium,linear
0,0,3,0,0.355464,0.0,0.7888888888888889,0.6300000000000006,0.3600000000000004,0.3184615384615387,0.18197802197802213,1.0531249999999996,0.9099999999999999,275,high,medium,linear
0,0,0,0,0.0,0.0,0.5222222222222223,0.6300000000000006,0.3600000000000004,0.3184615384615387,0.18197802197802213,1.0531249999999996,0.9099999999999999,276,high,medium,linear
0,0,0,0,0.0,0.0,0.5777777777777777,0.6300000000000006,0.3600000000000004,0.3184615384615387,0.18197802197802213,1.0531249999999996,0.9099999999999999,277,high,medium,linear
0,0,1,0,0.11773199999999999,0.0,0.5,0.6300000000000006,0.3600000000000004,0.3184615384615387,0.18197802197802213,1.0531249999999996,0.9099999999999999,278,high,medium,linear
0,0,0,0,0.0,0.0,0.4888888888888889,0.6300000000000006,0.3600000000000004,0.3184615384615387,0.18197802197802213,1.0531249999999996,0.9099999999999999,279,high,medium,linear
0,0,1,0,0.116004,0.0,0.6,0.6300000000000006,0.3600000000000004,0.3184615384615387,0.18197802197802213,1.0531249999999996,0.9099999999999999,280,high,medium,linear
0,0,0,0,0.0,0.0,0.6333333333333333,0.6300000000000006,0.3600000000000004,0.3184615384615387,0.18197802197802213,1.0531249999999996,0.9099999999999999,281,high,medium,linear
0,0,0,0,0.0,0.0,0.45555555555555555,0.6300000000000006,0.3600000000000004,0.3184615384615387,0.18197802197802213,1.0531249999999996,0.9099999999999999,282,high,medium,linear
0,0,0,2,0.0,0.226749549375,0.5111111111111111,0.6300000000000006,0.3600000000000004,0.3184615384615387,0.18197802197802213,1.0531249999999996,0.9099999999999999,283,high,medium,linear
0,0,0,0,0.0,0.0,0.3111111111111111,0.6300000000000006,0.3600000000000004,0.3184615384615387,0.18197802197802213,1.0531249999999996,0.9099999999999999,284,high,medium,linear
0,0,1,0,0.11740799999999998,0.0,0.7,0.6300000000000006,0.3600000000000004,0.3184615384615387,0.18197802197802213,1.0531249999999996,0.9099999999999999,285,high,medium,linear
0,0,1,0,0.118056,0.0,0.6222222222222222,0.6300000000000006,0.3600000000000004,0.3184615384615387,0.18197802197802213,1.0531249999999996,0.9099999999999999,286,high,medium,linear
0,0,0,0,0.0,0.0,0.5888888888888889,0.6300000000000006,0.3600000000000004,0.3184615384615387,0.18197802197802213,1.0531249999999996,0.9099999999999999,287,high,medium,linear
0,0,0,0,0.0,0.0,0.5111111111111111,0.6300000000000006,0.3600000000000004,0.3184615384615387,0.18197802197802213,1.0531249999999996,0.9099999999999999,288,high,medium,linear
0,0,0,0,0.0,0.0,0.5333333333333333,0.6300000000000006,0.3600000000000004,0.3184615384615387,0.18197802197802213,1.0531249999999996,0.9099999999999999,289,high,medium,linear
0,0,0,0,0.0,0.0,0.37777777777777777,0.6300000000000006,0.3600000000000004,0.3184615384615387,0.18197802197802213,1.0531249999999996,0.9099999999999999,290,high,medium,linear
0,0,0,0,0.0,0.0,0.4888888888888889,0.6300000000000006,0.3600000000000004,0.3184615384615387,0.18197802197802213,1.0531249999999996,0.9099999999999999,291,high,medium,linear
0,0,1,0,0.11308799999999998,0.0,0.5444444444444444,0.6300000000000006,0.3600000000000004,0.3184615384615387,0.18197802197802213,1.0531249999999996,0.9099999999999999,292,high,medium,linear
0,0,0,0,0.0,0.0,0.4111111111111111,0.6300000000000006,0.3600000000000004,0.3184615384615387,0.18197802197802213,1.0531249999999996,0.9099999999999999,293,high,medium,linear
0,0,0,0,0.0,0.0,0.45555555555555555,0.6300000000000006,0.3600000000000004,0.3184615384615387,0.18197802197802213,1.0531249999999996,0.9099999999999999,294,high,medium,linear
0,0,0,0,0.0,0.0,0.6,0.6300000000000006,0.3600000000000004,0.3184615384615387,0.18197802197802213,1.0531249999999996,0.9099999999999999,295,high,medium,linear
0,0,0,0,0.0,0.0,0.5555555555555556,0.6300000000000006,0.3600000000000004,0.3184615384615387,0.18197802197802213,1.0531249999999996,0.9099999999999999,296,high,medium,linear
0,0,0,1,0.0,0.11409089062499998,0.5111111111111111,0.6300000000000006,0.3600000000000004,0.3184615384615387,0.18197802197802213,1.0531249999999996,0.9099999999999999,297,high,medium,linear
0,0,1,1,0.11946,0.11381571,0.43333333333333335,0.6300000000000006,0.3600000000000004,0.3184615384615387,0.18197802197802213,1.0531249999999996,0.9099999999999999,298,high,medium,linear
0,0,0,1,0.0,0.113762385,0.5333333333333333,0.6300000000000006,0.3600000000000004,0.3184615384615387,0.18197802197802213,1.0531249999999996,0.9099999999999999,299,high,medium,linear
